metric,language,category,n,count,rate
final_answer_accuracy,all,all,100,81,0.81
final_answer_accuracy,ar,all,50,37,0.74
final_answer_accuracy,en,all,50,44,0.88
final_answer_accuracy,all,temporal_reasoning,20,14,0.7
final_answer_accuracy,all,contradiction_detection,20,17,0.85
final_answer_accuracy,all,missing_evidence,20,15,0.75
final_answer_accuracy,all,false_premise,20,19,0.95
final_answer_accuracy,all,causal_reasoning,20,16,0.8
final_answer_accuracy,ar,temporal_reasoning,10,6,0.6
final_answer_accuracy,ar,contradiction_detection,10,8,0.8
final_answer_accuracy,ar,missing_evidence,10,7,0.7
final_answer_accuracy,ar,false_premise,10,9,0.9
final_answer_accuracy,ar,causal_reasoning,10,7,0.7
final_answer_accuracy,en,temporal_reasoning,10,8,0.8
final_answer_accuracy,en,contradiction_detection,10,9,0.9
final_answer_accuracy,en,missing_evidence,10,8,0.8
final_answer_accuracy,en,false_premise,10,10,1.0
final_answer_accuracy,en,causal_reasoning,10,9,0.9
reason_supported_rate,all,all,100,80,0.8
reason_supported_rate,ar,all,50,36,0.72
reason_supported_rate,en,all,50,44,0.88
reason_supported_rate,all,temporal_reasoning,20,13,0.65
reason_supported_rate,all,contradiction_detection,20,17,0.85
reason_supported_rate,all,missing_evidence,20,15,0.75
reason_supported_rate,all,false_premise,20,19,0.95
reason_supported_rate,all,causal_reasoning,20,16,0.8
reason_supported_rate,ar,temporal_reasoning,10,5,0.5
reason_supported_rate,ar,contradiction_detection,10,8,0.8
reason_supported_rate,ar,missing_evidence,10,7,0.7
reason_supported_rate,ar,false_premise,10,9,0.9
reason_supported_rate,ar,causal_reasoning,10,7,0.7
reason_supported_rate,en,temporal_reasoning,10,8,0.8
reason_supported_rate,en,contradiction_detection,10,9,0.9
reason_supported_rate,en,missing_evidence,10,8,0.8
reason_supported_rate,en,false_premise,10,10,1.0
reason_supported_rate,en,causal_reasoning,10,9,0.9
final_correct_and_reason_supported_rate,all,all,100,80,0.8
final_correct_and_reason_supported_rate,ar,all,50,36,0.72
final_correct_and_reason_supported_rate,en,all,50,44,0.88
final_correct_and_reason_supported_rate,all,temporal_reasoning,20,13,0.65
final_correct_and_reason_supported_rate,all,contradiction_detection,20,17,0.85
final_correct_and_reason_supported_rate,all,missing_evidence,20,15,0.75
final_correct_and_reason_supported_rate,all,false_premise,20,19,0.95
final_correct_and_reason_supported_rate,all,causal_reasoning,20,16,0.8
final_correct_and_reason_supported_rate,ar,temporal_reasoning,10,5,0.5
final_correct_and_reason_supported_rate,ar,contradiction_detection,10,8,0.8
final_correct_and_reason_supported_rate,ar,missing_evidence,10,7,0.7
final_correct_and_reason_supported_rate,ar,false_premise,10,9,0.9
final_correct_and_reason_supported_rate,ar,causal_reasoning,10,7,0.7
final_correct_and_reason_supported_rate,en,temporal_reasoning,10,8,0.8
final_correct_and_reason_supported_rate,en,contradiction_detection,10,9,0.9
final_correct_and_reason_supported_rate,en,missing_evidence,10,8,0.8
final_correct_and_reason_supported_rate,en,false_premise,10,10,1.0
final_correct_and_reason_supported_rate,en,causal_reasoning,10,9,0.9
unsupported_assumption_rate,all,all,100,5,0.05
unsupported_assumption_rate,ar,all,50,3,0.06
unsupported_assumption_rate,en,all,50,2,0.04
unsupported_assumption_rate,all,temporal_reasoning,20,0,0.0
unsupported_assumption_rate,all,contradiction_detection,20,2,0.1
unsupported_assumption_rate,all,missing_evidence,20,1,0.05
unsupported_assumption_rate,all,false_premise,20,0,0.0
unsupported_assumption_rate,all,causal_reasoning,20,2,0.1
unsupported_assumption_rate,ar,temporal_reasoning,10,0,0.0
unsupported_assumption_rate,ar,contradiction_detection,10,1,0.1
unsupported_assumption_rate,ar,missing_evidence,10,1,0.1
unsupported_assumption_rate,ar,false_premise,10,0,0.0
unsupported_assumption_rate,ar,causal_reasoning,10,1,0.1
unsupported_assumption_rate,en,temporal_reasoning,10,0,0.0
unsupported_assumption_rate,en,contradiction_detection,10,1,0.1
unsupported_assumption_rate,en,missing_evidence,10,0,0.0
unsupported_assumption_rate,en,false_premise,10,0,0.0
unsupported_assumption_rate,en,causal_reasoning,10,1,0.1
minimal_pair_consistency,ar,all,25,12,0.48
minimal_pair_consistency,ar,temporal_reasoning,5,1,0.2
minimal_pair_consistency,ar,contradiction_detection,5,3,0.6
minimal_pair_consistency,ar,missing_evidence,5,2,0.4
minimal_pair_consistency,ar,false_premise,5,4,0.8
minimal_pair_consistency,ar,causal_reasoning,5,2,0.4
minimal_pair_consistency,en,all,25,19,0.76
minimal_pair_consistency,en,temporal_reasoning,5,3,0.6
minimal_pair_consistency,en,contradiction_detection,5,4,0.8
minimal_pair_consistency,en,missing_evidence,5,3,0.6
minimal_pair_consistency,en,false_premise,5,5,1.0
minimal_pair_consistency,en,causal_reasoning,5,4,0.8
cross_language_both_correct,ar+en,all,50,35,0.7
cross_language_arabic_only_correct,ar+en,all,50,2,0.04
cross_language_english_only_correct,ar+en,all,50,9,0.18
cross_language_both_incorrect,ar+en,all,50,4,0.08
