id,category,language,pair_id,case_text,question,expected_answer
AR-TMP-01A,temporal_reasoning,ar,TMP-01,"امرأة عمرها 35 عامًا بدأت تناول مضاد حيوي جديد يوم الاثنين. ظهر لديها طفح جلدي يوم الأربعاء من الأسبوع نفسه. لم تتناول أي أدوية أخرى.","بناءً على التسلسل الزمني فقط، هل يمكن أن يكون المضاد الحيوي هو سبب الطفح الجلدي؟ أجب بنعم أو لا.","نعم — ظهر الطفح بعد بدء المضاد الحيوي."
AR-TMP-01B,temporal_reasoning,ar,TMP-01,"امرأة عمرها 35 عامًا بدأت تناول مضاد حيوي جديد يوم الاثنين. ظهر لديها طفح جلدي يوم السبت الذي سبقه. لم تتناول أي أدوية أخرى.","بناءً على التسلسل الزمني فقط، هل يمكن أن يكون المضاد الحيوي هو سبب الطفح الجلدي؟ أجب بنعم أو لا.","لا — ظهر الطفح قبل بدء المضاد الحيوي."
AR-CON-01A,contradiction_detection,ar,CON-01,"ملاحظة الدخول: رجل عمره 50 عامًا، لا توجد لديه أي حساسية دوائية معروفة. ملاحظة التمريض في اليوم نفسه: أفاد المريض بأن لديه حساسية من البنسلين.","هل تحتوي هذه الملاحظات على معلومات متناقضة بشأن الحساسية الدوائية؟ أجب بنعم أو لا.","نعم — ملاحظة الدخول تنفي وجود حساسية دوائية بينما تذكر ملاحظة التمريض حساسية من البنسلين."
AR-CON-01B,contradiction_detection,ar,CON-01,"ملاحظة الدخول: رجل عمره 50 عامًا، لا توجد لديه أي حساسية دوائية معروفة. ملاحظة التمريض في اليوم نفسه: أفاد المريض بأنه تناول البنسلين سابقًا دون أي مشكلة.","هل تحتوي هذه الملاحظات على معلومات متناقضة بشأن الحساسية الدوائية؟ أجب بنعم أو لا.","لا — الملاحظتان متسقتان."
AR-MIS-01A,missing_evidence,ar,MIS-01,"امرأة عمرها 28 عامًا. يشترط بروتوكول المستشفى وجود نتيجة اختبار حمل سلبية موثقة قبل إعطاء الدواء (س). يتضمن السجل: ضغط الدم طبيعي، درجة الحرارة طبيعية، اختبار الحمل اليوم: سلبي.","هل يتضمن السجل كل ما يشترطه البروتوكول قبل إعطاء الدواء (س)؟ أجب بنعم أو لا.","نعم — نتيجة اختبار الحمل السلبية موثقة."
AR-MIS-01B,missing_evidence,ar,MIS-01,"امرأة عمرها 28 عامًا. يشترط بروتوكول المستشفى وجود نتيجة اختبار حمل سلبية موثقة قبل إعطاء الدواء (س). يتضمن السجل: ضغط الدم طبيعي، درجة الحرارة طبيعية.","هل يتضمن السجل كل ما يشترطه البروتوكول قبل إعطاء الدواء (س)؟ أجب بنعم أو لا.","لا — لا توجد نتيجة اختبار حمل موثقة في السجل."
AR-FPR-01A,false_premise,ar,FPR-01,"رجل عمره 60 عامًا مصاب بداء السكري من النوع الثاني، ولا يوجد لديه تشخيص لارتفاع ضغط الدم. أدويته الحالية: الميتفورمين فقط. قراءات ضغط الدم في آخر ثلاث زيارات طبيعية.","ما اسم الدواء الذي يتناوله المريض لعلاج ارتفاع ضغط الدم؟","فرضية السؤال خاطئة — المريض غير مشخّص بارتفاع ضغط الدم ولا يتناول دواءً له."
AR-FPR-01B,false_premise,ar,FPR-01,"رجل عمره 60 عامًا مصاب بداء السكري من النوع الثاني وارتفاع ضغط الدم. أدويته الحالية: الميتفورمين، والأملوديبين لعلاج ارتفاع ضغط الدم. قراءات ضغط الدم في آخر ثلاث زيارات ضمن الهدف العلاجي.","ما اسم الدواء الذي يتناوله المريض لعلاج ارتفاع ضغط الدم؟","الأملوديبين."
AR-CAU-01A,causal_reasoning,ar,CAU-01,"رجل عمره 45 عامًا بدأ تناول دواء جديد (ص). بعد يومين ظهر لديه دوار. أوقف الطبيب الدواء فاختفى الدوار خلال يومين. عند إعادة الدواء بعد أسبوع، عاد الدوار في اليوم التالي.","هل يدعم مسار الأحداث أن الدواء (ص) هو سبب الدوار؟ أجب بنعم أو لا.","نعم — اختفى الدوار عند إيقاف الدواء وعاد عند إعادته."
AR-CAU-01B,causal_reasoning,ar,CAU-01,"رجل عمره 45 عامًا بدأ تناول دواء جديد (ص). بعد يومين ظهر لديه دوار. أوقف الطبيب الدواء فاستمر الدوار دون تغيير لمدة أسبوعين. عند إعادة الدواء بعد ذلك، لم يتغير الدوار.","هل يدعم مسار الأحداث أن الدواء (ص) هو سبب الدوار؟ أجب بنعم أو لا.","لا — لم يتأثر الدوار بإيقاف الدواء أو بإعادته."
