id,pair_id,scenario_id,category,language,case_text,question,expected_answer,expected_reason,evidence_flip,model_final_answer,model_reason,binary_auto_match,n_output_tokens,truncated,human_final_correct,human_reason_supported,human_unsupported_assumption,human_error_type,human_notes
AR-TMP-01A,TMP-01,TMP-01A,temporal_reasoning,ar,بدأت امرأة تبلغ من العمر 34 عامًا تناول دواء جديد في 3 مارس، وظهر لديها طفح جلدي لأول مرة في 1 مارس.,هل بدأ الطفح الجلدي بعد أن بدأت تناول الدواء الجديد؟ أجب بنعم أو لا.,لا,ظهر الطفح لأول مرة في 1 مارس، أي قبل بدء الدواء في 3 مارس.,rash onset vs medication start on 3 March: 1 March (before) → 6 March (after),لا,بدأت المرأة تناول الدواء في 3 مارس، بينما ظهر الطفح الجلدي لأول مرة في 1 مارس، أي قبل بدء تناول الدواء.,yes,40,no,yes,yes,no,none,Correct temporal ordering: rash preceded medication.
AR-TMP-01B,TMP-01,TMP-01B,temporal_reasoning,ar,بدأت امرأة تبلغ من العمر 34 عامًا تناول دواء جديد في 3 مارس، وظهر لديها طفح جلدي لأول مرة في 6 مارس.,هل بدأ الطفح الجلدي بعد أن بدأت تناول الدواء الجديد؟ أجب بنعم أو لا.,نعم,ظهر الطفح لأول مرة في 6 مارس، أي بعد بدء الدواء في 3 مارس.,rash onset vs medication start on 3 March: 1 March (before) → 6 March (after),لا,بدأت المرأة الدواء في 3 مارس، وظهر الطفح الجلدي في 6 مارس، مما يعني أن الطفح حدث قبل بدء الدواء بـ 3 أيام.,no,46,no,no,no,no,temporal_order_error,Dates are stated correctly but their order is reversed in the explanation.
AR-TMP-02A,TMP-02,TMP-02A,temporal_reasoning,ar,تلقى رجل يبلغ من العمر 60 عامًا في قسم الطوارئ أول جرعة من مضاد حيوي عند الساعة 10:00، وسُحبت منه عينة دم لإجراء مزرعة عند الساعة 09:15 من اليوم نفسه.,هل سُحبت عينة الدم قبل أول جرعة من المضاد الحيوي؟ أجب بنعم أو لا.,نعم,سُحبت العينة عند الساعة 09:15، أي قبل أول جرعة عند الساعة 10:00.,blood sample time vs first antibiotic dose at 10:00: 09:15 (before) → 11:30 (after),لا,تم سحب عينة الدم عند الساعة 09:15، بينما تم إعطاء أول جرعة من المضاد الحيوي عند الساعة 10:00، مما يعني أن السحب حدث قبل الجرعة بساعة.,no,59,no,no,no,no,answer_reason_mismatch,"Reason correctly says 09:15 is before 10:00, but FINAL_ANSWER is No."
AR-TMP-02B,TMP-02,TMP-02B,temporal_reasoning,ar,تلقى رجل يبلغ من العمر 60 عامًا في قسم الطوارئ أول جرعة من مضاد حيوي عند الساعة 10:00، وسُحبت منه عينة دم لإجراء مزرعة عند الساعة 11:30 من اليوم نفسه.,هل سُحبت عينة الدم قبل أول جرعة من المضاد الحيوي؟ أجب بنعم أو لا.,لا,سُحبت العينة عند الساعة 11:30، أي بعد أول جرعة عند الساعة 10:00.,blood sample time vs first antibiotic dose at 10:00: 09:15 (before) → 11:30 (after),لا,تم أخذ عينة الدم عند الساعة 11:30، بينما تم إعطاء أول جرعة من المضاد الحيوي عند الساعة 10:00، مما يعني أن العينة تم سحبها بعد الجرعة وليس قبلها.,yes,62,no,yes,yes,no,none,Correct: sample was drawn after the first dose.
AR-TMP-03A,TMP-03,TMP-03A,temporal_reasoning,ar,سُجّلت نسبة تشبع الأكسجين لدى امرأة تبلغ من العمر 70 عامًا في أحد أجنحة المستشفى عند الساعة 08:00 (96%)، والساعة 11:00 (95%)، والساعة 14:00 (89%). وبدأ إعطاؤها محلولًا وريديًا جديدًا عند الساعة 12:00.,هل سُجّلت أول قراءة لتشبع الأكسجين أقل من 90% بعد بدء المحلول الوريدي؟ أجب بنعم أو لا.,نعم,أول قراءة أقل من 90% كانت 89% عند الساعة 14:00، أي بعد بدء المحلول عند الساعة 12:00، أما القراءتان السابقتان فكانتا 96% و95%.,11:00 oxygen saturation 95% → 88% (first reading below 90% moves from after the 12:00 infusion start to before it),لا,أول قراءة أقل من 90% سُجّلت عند الساعة 14:00، بينما بدأ المحلول الوريدي عند الساعة 12:00، مما يعني أن القراءة كانت أقل من 90% بعد بدء العلاج.,no,64,no,no,no,no,answer_reason_mismatch,"Reason correctly says the low reading occurred after infusion start, but FINAL_ANSWER is No."
AR-TMP-03B,TMP-03,TMP-03B,temporal_reasoning,ar,سُجّلت نسبة تشبع الأكسجين لدى امرأة تبلغ من العمر 70 عامًا في أحد أجنحة المستشفى عند الساعة 08:00 (96%)، والساعة 11:00 (88%)، والساعة 14:00 (89%). وبدأ إعطاؤها محلولًا وريديًا جديدًا عند الساعة 12:00.,هل سُجّلت أول قراءة لتشبع الأكسجين أقل من 90% بعد بدء المحلول الوريدي؟ أجب بنعم أو لا.,لا,أول قراءة أقل من 90% كانت 88% عند الساعة 11:00، أي قبل بدء المحلول عند الساعة 12:00.,11:00 oxygen saturation 95% → 88% (first reading below 90% moves from after the 12:00 infusion start to before it),لا,أول قراءة أقل من 90% سُجّلت في الساعة 11:00، بينما بدأ المحلول الوريدي في الساعة 12:00.,yes,49,no,yes,yes,no,none,Correct: first low reading was before infusion start.
AR-TMP-04A,TMP-04,TMP-04A,temporal_reasoning,ar,تلقى رجل يبلغ من العمر 40 عامًا لقاحًا في 14 أبريل عند الساعة 09:00، وأفاد بأن الصداع بدأ لديه في 13 أبريل عند الساعة 20:00.,هل بدأ الصداع بعد تلقي اللقاح؟ أجب بنعم أو لا.,لا,بدأ الصداع في 13 أبريل، أي قبل يوم من تلقي اللقاح في 14 أبريل.,headache onset 13 April 20:00 (before vaccination on 14 April 09:00) → 15 April 20:00 (after),لا,بدأ الصداع في 13 أبريل الساعة 20:00، بينما تم تلقي اللقاح في 14 أبريل الساعة 09:00، مما يعني أن الصداع حدث قبل اللقاح بـ 13 ساعة.,yes,62,no,yes,yes,no,none,Correct: headache started before vaccination.
AR-TMP-04B,TMP-04,TMP-04B,temporal_reasoning,ar,تلقى رجل يبلغ من العمر 40 عامًا لقاحًا في 14 أبريل عند الساعة 09:00، وأفاد بأن الصداع بدأ لديه في 15 أبريل عند الساعة 20:00.,هل بدأ الصداع بعد تلقي اللقاح؟ أجب بنعم أو لا.,نعم,بدأ الصداع في 15 أبريل، أي بعد يوم من تلقي اللقاح في 14 أبريل.,headache onset 13 April 20:00 (before vaccination on 14 April 09:00) → 15 April 20:00 (after),نعم,تم تلقي اللقاح في 14 أبريل الساعة 09:00، وبدأ الصداع في 15 أبريل الساعة 20:00، مما يعني أن الصداع بدأ بعد فترة من التلقيح.,yes,58,no,yes,yes,no,none,Correct: headache started after vaccination.
AR-TMP-05A,TMP-05,TMP-05A,temporal_reasoning,ar,عانت امرأة تبلغ من العمر 50 عامًا من سعال بدأ في 2 يونيو واستمر حتى توقف في 9 يونيو، وبدأت استخدام بخاخ استنشاق في 7 يونيو.,هل كان السعال قد توقف قبل أن تبدأ استخدام البخاخ؟ أجب بنعم أو لا.,لا,بدأت استخدام البخاخ في 7 يونيو بينما كان السعال لا يزال مستمرًا، ولم يتوقف السعال إلا في 9 يونيو.,inhaler start 7 June (before the cough stopped on 9 June) → 11 June (after),لا,بدأ السعال في 2 يونيو وتوقف في 9 يونيو، بينما بدأ استخدام البخاخ في 7 يونيو، مما يعني أن السعال توقف قبل بدء استخدام البخاخ.,yes,48,no,yes,no,no,reasoning_contradiction,"FINAL_ANSWER is correct, but the reason incorrectly says 9 June was before 7 June."
AR-TMP-05B,TMP-05,TMP-05B,temporal_reasoning,ar,عانت امرأة تبلغ من العمر 50 عامًا من سعال بدأ في 2 يونيو واستمر حتى توقف في 9 يونيو، وبدأت استخدام بخاخ استنشاق في 11 يونيو.,هل كان السعال قد توقف قبل أن تبدأ استخدام البخاخ؟ أجب بنعم أو لا.,نعم,توقف السعال في 9 يونيو، أي قبل أن تبدأ استخدام البخاخ في 11 يونيو.,inhaler start 7 June (before the cough stopped on 9 June) → 11 June (after),لا,توقف السعال في 9 يونيو، بينما بدأت المرأة باستخدام البخاخ في 11 يونيو، مما يعني أن السعال توقف قبل بدء الاستخدام.,no,42,no,no,no,no,answer_reason_mismatch,"Reason correctly says cough stopped before inhaler use, but FINAL_ANSWER is No."
AR-CON-01A,CON-01,CON-01A,contradiction_detection,ar,دُوِّن مدخلان في سجل رجل يبلغ من العمر 45 عامًا أثناء مقابلة الدخول في 5 مارس. المدخل 1: «الأدوية المنتظمة الحالية: لا يوجد». المدخل 2: «يتناول المريض حاليًا الميتفورمين كل يوم».,هل يتناقض المدخلان أحدهما مع الآخر؟ أجب بنعم أو لا.,نعم,ينص المدخل 1 على أنه لا يتناول حاليًا أي أدوية منتظمة، بينما ينص المدخل 2 من المقابلة نفسها على أنه يتناول حاليًا الميتفورمين كل يوم.,Entry 2 'currently takes metformin every day' → 'took metformin every day until stopping it two years ago',لا,"لا يوجد تناقض؛ فقد ذكر المدخل الأول أن المريض لا يتناول أدوية منتظمة *حاليًا* (في وقت المقابلة)، بينما ذكر المدخل الثاني أنه *يتناول* الميتفورمين حاليًا، مما يشير إلى أن الحالة تغيرت بين المدخلين أو أن هناك خطأ في التسجيل، لكن السؤال عن التناقض المنطقي المباشر بين نصيبي المدخلين نفسه (حيث أحدهما ينفي والآخر يؤكد تناول دواء) قد يُفسر على أنه تناقض زمني أو تسجيلي، ولكن إذا فُسر ""الأدوية المنتظمة الحالية"" كقاعدة عامة قبل التحديث، فإن وجود دواء جديد لا ينفي ذلك بالضرورة إذا كان المدخل الأول قديم نسبيًا. ومع ذلك، في سياق السجلات الطبية، إذا كان المدخل الأول يقول ""لا يوجد"" والآخر ""يتناول""، فهذا تناقض مباشر في وقت التسجيل. لكن السؤال يقول ""هل يتناقض المدخلان أحدهما مع الآخر؟"" بناءً على النص فقط: المدخل 1 ينفي وجود أدوية، والمدخل 2 يؤكد وجود دواء. هذا تناقض مباشر في المعلومات المقدمة في نفس الوقت (5 مارس). لذا الإجابة هي نعم، هناك تناقض في المعلومات.

لكن دعنا نراجع السؤال بدقة: ""هل يتناقض المدخلان أحدهما مع الآخر؟""
المدخل 1: لا توجد أدوية منتظمة.
المدخل 2: يتناول الميتفورمين.
هذا تناقض واضح.

إذن الإجابة: نعم.

FINAL_ANSWER: نعم
REASON: ينفي المدخل الأول وجود أدوية منتظمة بينما يؤكد المدخل الثاني تناول الميتفورمين.",no,365,no,no,no,yes,unsupported_reconciliation;format_self_correction,Initial answer denies a direct contradiction and invents possible timing/record explanations; later text self-corrects to Yes.
AR-CON-01B,CON-01,CON-01B,contradiction_detection,ar,دُوِّن مدخلان في سجل رجل يبلغ من العمر 45 عامًا أثناء مقابلة الدخول في 5 مارس. المدخل 1: «الأدوية المنتظمة الحالية: لا يوجد». المدخل 2: «كان المريض يتناول الميتفورمين كل يوم إلى أن أوقفه قبل عامين».,هل يتناقض المدخلان أحدهما مع الآخر؟ أجب بنعم أو لا.,لا,يصف المدخل 2 دواءً أوقفه قبل عامين، وهذا يتفق مع المدخل 1 في أنه لا يتناول حاليًا أي أدوية منتظمة.,Entry 2 'currently takes metformin every day' → 'took metformin every day until stopping it two years ago',لا,لا يوجد تناقض؛ فقد كان المريض يتناول الميتفورمين قبل عامين، وهو الآن لا يتناول أي أدوية، مما يعني أنه توقف عن تناولها منذ عامين.,yes,49,no,yes,yes,no,none,Correct: prior metformin use does not conflict with no current regular medication.
AR-CON-02A,CON-02,CON-02A,contradiction_detection,ar,أُزيلت لامرأة تبلغ من العمر 36 عامًا آفة جلدية، وهي الآفة الوحيدة لديها، في 14 أبريل. قائمة التحقق في غرفة العمليات: «الإجراء: إزالة الآفة الجلدية من الساعد الأيسر». ملاحظة الجرّاح عن العملية نفسها: «أُزيلت الآفة الجلدية من الساعد الأيمن».,هل تتسق قائمة التحقق مع ملاحظة الجرّاح؟ أجب بنعم أو لا.,لا,لديها آفة واحدة فقط، لكن قائمة التحقق تذكر الساعد الأيسر بينما تذكر ملاحظة الجرّاح عن العملية نفسها الساعد الأيمن.,operative note side 'right forearm' → 'left forearm' (checklist says left; single lesion),لا,قائمة التحقق تشير إلى إزالة الآفة من الساعد الأيسر، بينما ملاحظة الجرّاح تشير إلى الساعد الأيمن، مما يعني أن هناك تناقضًا في الموقع الجغرافي للإجراء.,yes,54,no,yes,yes,no,none,Correct: left vs right forearm is inconsistent.
AR-CON-02B,CON-02,CON-02B,contradiction_detection,ar,أُزيلت لامرأة تبلغ من العمر 36 عامًا آفة جلدية، وهي الآفة الوحيدة لديها، في 14 أبريل. قائمة التحقق في غرفة العمليات: «الإجراء: إزالة الآفة الجلدية من الساعد الأيسر». ملاحظة الجرّاح عن العملية نفسها: «أُزيلت الآفة الجلدية من الساعد الأيسر».,هل تتسق قائمة التحقق مع ملاحظة الجرّاح؟ أجب بنعم أو لا.,نعم,تذكر قائمة التحقق وملاحظة الجرّاح كلتاهما الساعد الأيسر.,operative note side 'right forearm' → 'left forearm' (checklist says left; single lesion),نعم,قائمة التحقق والملاحظة كلاهما يذكران إزالة الآفة الجلدية من الساعد الأيسر، مما يجعلهما متطابقتين.,yes,41,no,yes,yes,no,none,Correct: both entries state left forearm.
AR-CON-03A,CON-03,CON-03A,contradiction_detection,ar,أُخذت عينة دم من رجل يبلغ من العمر 52 عامًا في 10 يناير، وفحص المختبر هذه العينة نفسها مرتين في ذلك اليوم. الفحص الأول: فصيلة الدم A موجبة. الفحص الثاني: فصيلة الدم O موجبة.,هل تتسق نتيجتا الفحصين إحداهما مع الأخرى؟ أجب بنعم أو لا.,لا,صُنِّفت العينة نفسها على أنها فصيلة A موجبة في أحد الفحصين وفصيلة O موجبة في الفحص الآخر.,second test of the same sample 'group O positive' → 'group A positive',لا,فصيلة الدم A موجبة وفصيلة الدم O موجبة نتيجتان متناقضتان لأن الشخص لا يمكن أن يكون فصيلة دم A وO في نفس الوقت.,yes,48,no,yes,yes,no,none,Correct: A+ and O+ conflict for the same sample.
AR-CON-03B,CON-03,CON-03B,contradiction_detection,ar,أُخذت عينة دم من رجل يبلغ من العمر 52 عامًا في 10 يناير، وفحص المختبر هذه العينة نفسها مرتين في ذلك اليوم. الفحص الأول: فصيلة الدم A موجبة. الفحص الثاني: فصيلة الدم A موجبة.,هل تتسق نتيجتا الفحصين إحداهما مع الأخرى؟ أجب بنعم أو لا.,نعم,يُظهر الفحصان للعينة نفسها فصيلة الدم A موجبة.,second test of the same sample 'group O positive' → 'group A positive',نعم,كلا الفحصين أظهر نفس النتيجة، وهي فصيلة الدم A موجبة.,yes,28,no,yes,yes,no,none,Correct: both tests report A+.
AR-CON-04A,CON-04,CON-04A,contradiction_detection,ar,سُجّل التاريخ الاجتماعي لرجل يبلغ من العمر 47 عامًا خلال زيارة واحدة للعيادة في 8 أغسطس. العبارة 1: «لم يدخّن المريض قط». العبارة 2: «يدخّن المريض 10 سجائر يوميًا».,هل تتناقض العبارتان إحداهما مع الأخرى؟ أجب بنعم أو لا.,نعم,تنص العبارة 1 على أنه لم يدخّن قط، بينما تنص العبارة 2 من الزيارة نفسها على أنه يدخّن 10 سجائر يوميًا.,smoker in Statement 2 'the patient' → 'the patient's wife',نعم,"العبارة الأولى تنفي التدخين تمامًا (""لم يدخّن المريض قط"") بينما العبارة الثانية تؤكد عليه (""يدخّن المريض 10 سجائر يوميًا"").",yes,47,no,yes,yes,no,none,Correct: never-smoked conflicts with current smoking.
AR-CON-04B,CON-04,CON-04B,contradiction_detection,ar,سُجّل التاريخ الاجتماعي لرجل يبلغ من العمر 47 عامًا خلال زيارة واحدة للعيادة في 8 أغسطس. العبارة 1: «لم يدخّن المريض قط». العبارة 2: «تدخّن زوجة المريض 10 سجائر يوميًا».,هل تتناقض العبارتان إحداهما مع الأخرى؟ أجب بنعم أو لا.,لا,تتعلق العبارة 2 بتدخين زوجته، وهذا لا يتعارض مع كونه لم يدخّن قط.,smoker in Statement 2 'the patient' → 'the patient's wife',لا,العبارة الأولى تنفي تدخين المريض نفسه، بينما العبارة الثانية تصف تدخين زوجته، وهما شخصان مختلفان، لذا لا توجد تناقض.,yes,45,no,yes,yes,no,none,Correct: spouse smoking does not contradict the patient's smoking history.
AR-CON-05A,CON-05,CON-05A,contradiction_detection,ar,ورد في ملخص خروج امرأة تبلغ من العمر 63 عامًا: «تلقت المريضة ما مجموعه 3 وحدات دم خلال إقامتها الحالية في المستشفى». ويُظهر سجل نقل الدم، الذي تُدوَّن فيه كل وحدة أُعطيت خلال الإقامة نفسها، ما يلي: 2 مايو – وحدة واحدة؛ 4 مايو – وحدة واحدة.,هل يتسق ملخص الخروج مع سجل نقل الدم؟ أجب بنعم أو لا.,لا,مجموع الوحدات في السجل، الذي تُدوَّن فيه كل وحدة، هو وحدتان (1 + 1)، بينما يذكر الملخص 3 وحدات.,"units logged on 4 May: 1 → 2 (log total 2 → 3, versus 3 stated in the summary)",لا,ملخص الخروج يذكر أن المريضة تلقت 3 وحدات دم، بينما يسجل سجل نقل الدم فقط وحدتين (واحدة في 2 مايو وأخرى في 4 مايو)، مما يعني وجود فرق قدره وحدة دم.,yes,59,no,yes,yes,no,none,Correct: log totals 2 units while summary says 3.
AR-CON-05B,CON-05,CON-05B,contradiction_detection,ar,ورد في ملخص خروج امرأة تبلغ من العمر 63 عامًا: «تلقت المريضة ما مجموعه 3 وحدات دم خلال إقامتها الحالية في المستشفى». ويُظهر سجل نقل الدم، الذي تُدوَّن فيه كل وحدة أُعطيت خلال الإقامة نفسها، ما يلي: 2 مايو – وحدة واحدة؛ 4 مايو – وحدتان.,هل يتسق ملخص الخروج مع سجل نقل الدم؟ أجب بنعم أو لا.,نعم,مجموع الوحدات في السجل 3 وحدات (1 + 2)، وهو ما يطابق الملخص.,"units logged on 4 May: 1 → 2 (log total 2 → 3, versus 3 stated in the summary)",لا,ملخص الخروج يذكر أن المريضة تلقت 3 وحدات دم، بينما يسجل سجل نقل الدم 3 وحدات فقط (واحدة في 2 مايو وواحدان في 4 مايو)، مما يعني أن الرقمين متطابقان.,no,62,no,no,no,no,answer_reason_mismatch,"Reason correctly totals 3 units and says the records match, but FINAL_ANSWER is No."
AR-MIS-01A,MIS-01,MIS-01A,missing_evidence,ar,قاعدة العيادة: قبل أن يبدأ المريض تناول الدواء الجديد، يجب أن يحتوي سجله على (1) وزن المريض و(2) نتيجة فحص وظائف الكلى. لا يحتوي سجل رجل يبلغ من العمر 58 عامًا إلا على المدخلات التالية: الوزن: 72 كغ؛ فحص وظائف الكلى: طبيعي؛ ضغط الدم: 130/85 ملم زئبقي.,هل يحتوي السجل على كل ما تشترطه قاعدة العيادة؟ أجب بنعم أو لا.,نعم,يحتوي السجل على البندين المطلوبين كليهما: الوزن (72 كغ) ونتيجة فحص وظائف الكلى.,record entry 'kidney function test: normal' → 'cholesterol test: normal',لا,السجل يفتقر إلى وزن المريض، وهو شرط أساسي في قاعدة العيادة.,no,29,no,no,no,no,evidence_extraction_error,"The case explicitly includes weight 72 kg, but the reason claims weight is missing."
AR-MIS-01B,MIS-01,MIS-01B,missing_evidence,ar,قاعدة العيادة: قبل أن يبدأ المريض تناول الدواء الجديد، يجب أن يحتوي سجله على (1) وزن المريض و(2) نتيجة فحص وظائف الكلى. لا يحتوي سجل رجل يبلغ من العمر 58 عامًا إلا على المدخلات التالية: الوزن: 72 كغ؛ فحص الكوليسترول: طبيعي؛ ضغط الدم: 130/85 ملم زئبقي.,هل يحتوي السجل على كل ما تشترطه قاعدة العيادة؟ أجب بنعم أو لا.,لا,يحتوي السجل على الوزن، لكنه لا يحتوي على نتيجة فحص وظائف الكلى، وفحص الكوليسترول ليس من البنود المطلوبة.,record entry 'kidney function test: normal' → 'cholesterol test: normal',لا,السجل يفتقر إلى نتيجة فحص وظائف الكلى المطلوبة من قبل قاعدة العيادة.,yes,30,no,yes,yes,no,none,Correct: kidney function result is missing.
AR-MIS-02A,MIS-02,MIS-02A,missing_evidence,ar,قاعدة المستشفى: قبل إجراء تنظير مُخطَّط له، يجب أن يحتوي السجل على (1) نموذج موافقة موقَّع من المريض و(2) وقت آخر وجبة تناولها المريض. لا يحتوي سجل امرأة تبلغ من العمر 44 عامًا إلا على المدخلات التالية: نموذج الموافقة: موقَّع من المريضة؛ آخر وجبة: الساعة 20:00 مساء اليوم السابق؛ الحساسية: لا يوجد.,هل يوجد أي بند تشترطه قاعدة المستشفى غير موجود في السجل؟ أجب بنعم أو لا.,لا,البندان المطلوبان موجودان: نموذج موافقة موقَّع من المريضة ووقت آخر وجبة.,"consent form 'signed by the patient' → 'explained to the patient, not yet signed'",لا,يحتوي السجل على نموذج الموافقة الموقعة (البند الأول) ووقت آخر وجبة (البند الثاني)، وهو ما يلبي متطلبات قاعدة المستشفى المذكورة.,yes,46,no,yes,yes,no,none,Correct: both required items are present.
AR-MIS-02B,MIS-02,MIS-02B,missing_evidence,ar,قاعدة المستشفى: قبل إجراء تنظير مُخطَّط له، يجب أن يحتوي السجل على (1) نموذج موافقة موقَّع من المريض و(2) وقت آخر وجبة تناولها المريض. لا يحتوي سجل امرأة تبلغ من العمر 44 عامًا إلا على المدخلات التالية: نموذج الموافقة: شُرح للمريضة ولم يُوقَّع بعد؛ آخر وجبة: الساعة 20:00 مساء اليوم السابق؛ الحساسية: لا يوجد.,هل يوجد أي بند تشترطه قاعدة المستشفى غير موجود في السجل؟ أجب بنعم أو لا.,نعم,شُرح نموذج الموافقة للمريضة لكنه لم يُوقَّع، لذا فإن نموذج الموافقة الموقَّع المطلوب غير موجود.,"consent form 'signed by the patient' → 'explained to the patient, not yet signed'",نعم,قاعدة المستشفى تشترط وجود نموذج موافقة موقَّع، لكن السجل يشير فقط إلى أن النموذج تم شرحه ولم يُوقَّع بعد.,yes,46,no,yes,yes,no,none,Correct: signed consent is missing.
AR-MIS-03A,MIS-03,MIS-03A,missing_evidence,ar,قاعدة الجناح: قبل خروج المريض من المستشفى، يجب أن يحتوي سجله على (1) قائمة أدوية الخروج و(2) تاريخ موعد المتابعة. لا يحتوي سجل رجل يبلغ من العمر 71 عامًا إلا على المدخلات التالية: أدوية الخروج: مُدرَجة؛ موعد المتابعة: 12 أكتوبر؛ النظام الغذائي: عادي.,هل يوجد أي بند تشترطه قاعدة الجناح غير موجود في السجل؟ أجب بنعم أو لا.,لا,البندان المطلوبان موجودان: قائمة أدوية الخروج وتاريخ موعد المتابعة (12 أكتوبر).,follow-up appointment '12 October' → 'to be arranged later',لا,يحتوي السجل على قائمة الأدوية (مُدرَجة) وتاريخ موعد المتابعة (12 أكتوبر)، وهما البندان المطلوبان فقط من قبل قاعدة الجناح.,yes,50,no,yes,yes,no,none,Correct: medication list and follow-up date are present.
AR-MIS-03B,MIS-03,MIS-03B,missing_evidence,ar,قاعدة الجناح: قبل خروج المريض من المستشفى، يجب أن يحتوي سجله على (1) قائمة أدوية الخروج و(2) تاريخ موعد المتابعة. لا يحتوي سجل رجل يبلغ من العمر 71 عامًا إلا على المدخلات التالية: أدوية الخروج: مُدرَجة؛ موعد المتابعة: سيُحدَّد لاحقًا؛ النظام الغذائي: عادي.,هل يوجد أي بند تشترطه قاعدة الجناح غير موجود في السجل؟ أجب بنعم أو لا.,نعم,موعد المتابعة «سيُحدَّد لاحقًا»، لذا لا يوجد في السجل تاريخ لموعد المتابعة.,follow-up appointment '12 October' → 'to be arranged later',نعم,"قاعدة الجناح تشترط وجود ""تاريخ موعد المتابعة""، لكن السجل يذكر فقط أن الموعد ""سيُحدَّد لاحقًا""، مما يعني أن التاريخ المحدد غير موجود في السجل.",yes,55,no,yes,yes,no,none,Correct: no specific follow-up date is recorded.
AR-MIS-04A,MIS-04,MIS-04A,missing_evidence,ar,قاعدة قسم الأشعة: قبل إجراء صورة أشعة سينية للبطن لامرأة يتراوح عمرها بين 15 و50 عامًا، يجب أن يحتوي السجل على نتيجة اختبار حمل. لا يحتوي سجل امرأة تبلغ من العمر 29 عامًا أُحيلت لإجراء صورة أشعة سينية للبطن إلا على المدخلات التالية: اختبار الحمل في البول: سلبي؛ درجة الحرارة: 36.9°م.,هل يحتوي السجل على كل ما تشترطه قاعدة قسم الأشعة؟ أجب بنعم أو لا.,نعم,تنطبق القاعدة عليها (عمرها 29 عامًا)، والسجل يحتوي على نتيجة اختبار حمل (سلبي).,record entry 'urine pregnancy test: negative' → 'urine infection test: negative',لا,"السجل يحتوي على نتيجة اختبار الحمل، لكنه يفتقر إلى تاريخ المريض أو اسمها، وهو ما قد يُعتبر جزءًا من المعلومات الأساسية المطلوبة في السجل الطبي الكامل، ومع ذلك، بناءً على نص القاعدة المذكورة فقط، فإن الشرط الوحيد هو ""وجود نتيجة اختبار حمل""، والتي توجد في السجل. لكن السؤال هو ""هل يحتوي السجل على كل ما تشترطه القاعدة؟"". القاعدة تشترط فقط وجود نتيجة اختبار الحمل. السجل يحتوي على ذلك. إذن الإجابة يجب أن تكون نعم؟ دعنا نراجع النص بدقة. القاعدة تقول: ""يجب أن يحتوي السجل على نتيجة اختبار حمل"". السجل يحتوي على ""اختبار الحمل في البول: سلبي"". هذا يلبي الشرط. لماذا قد تكون الإجابة لا؟ ربما لأن السؤال يفترض أن السجل يجب أن يحتوي على معلومات أخرى مثل الاسم أو التاريخ، لكن النص لا يذكر ذلك كشرط. لنفترض أن السؤال يقصد فقط ما ورد في القاعدة. إذن الإجابة هي نعم. لكن دعنا نتحقق من السياق. غالبًا في مثل هذه الأسئلة، إذا كان هناك نقص في أي معلومات أساسية (مثل الاسم)، فإن الإجابة تكون لا. لكن القاعدة محددة جدًا: ""يجب أن يحتوي السجل على نتيجة اختبار حمل"". لا تذكر أي شيء آخر. إذن، بما أن الشرط الوحيد هو وجود نتيجة الاختبار، والسجل يحتوي عليها، فالإجابة هي نعم.

لكن انتظر، قد يكون هناك خطأ في فهمي. لنقرأ السؤال مرة أخرى: ""هل يحتوي السجل على كل ما تشترطه قاعدة قسم الأشعة؟"". القاعدة تشترط وجود نتيجة اختبار حمل. السجل يحتوي على ذلك. إذن الإجابة نعم.

لكن في كثير من الأحيان، في الأسئلة الطبية، يُعتبر أن السجل يجب أن يحتوي على هوية المريض. لكن النص لا يذكر ذلك كشرط. لذا سألتزم بالنص فقط.

الإجابة: نعم.

لكن دعنا نعيد التفكير. إذا كان السؤال يقصد ""هل السجل كاملًا بما يكفي لإجراء الأشعة بأمان؟""، فقد يكون الجواب لا لأننا لا نعرف هوية المريض. لكن السؤال محدد: ""كل ما تشترطه القاعدة"". القاعدة تشترط فقط نتيجة الاختبار. إذن الإجابة نعم.

لكن ربما هناك خدعة. لنفترض أن ""السجل"" يجب أن يحتوي على معلومات المريض الأساسية. لكن النص لا يذكر ذلك. لذا سأجيب بنعم.

لكن",no,512,yes,no,no,yes,unsupported_requirement;truncated_output,"It initially invents extra requirements (name/history), then self-corrects; output is truncated before a stable final response."
AR-MIS-04B,MIS-04,MIS-04B,missing_evidence,ar,قاعدة قسم الأشعة: قبل إجراء صورة أشعة سينية للبطن لامرأة يتراوح عمرها بين 15 و50 عامًا، يجب أن يحتوي السجل على نتيجة اختبار حمل. لا يحتوي سجل امرأة تبلغ من العمر 29 عامًا أُحيلت لإجراء صورة أشعة سينية للبطن إلا على المدخلات التالية: تحليل البول للكشف عن العدوى: سلبي؛ درجة الحرارة: 36.9°م.,هل يحتوي السجل على كل ما تشترطه قاعدة قسم الأشعة؟ أجب بنعم أو لا.,لا,تنطبق القاعدة عليها (عمرها 29 عامًا)، لكن السجل يحتوي على تحليل بول للكشف عن العدوى وليس على نتيجة اختبار حمل.,record entry 'urine pregnancy test: negative' → 'urine infection test: negative',لا,السجل لا يحتوي على نتيجة اختبار الحمل، وهو شرط إلزامي في القاعدة.,yes,29,no,yes,yes,no,none,Correct: pregnancy test result is absent.
AR-MIS-05A,MIS-05,MIS-05A,missing_evidence,ar,قاعدة المختبر: يجب أن يظهر على ملصق كل عينة دم (1) الاسم الكامل للمريض و(2) تاريخ ميلاده. لا يظهر على ملصق إحدى عينات الدم إلا ما يلي: الاسم الكامل: سارة أحمد علي؛ تاريخ الميلاد: 3 يوليو 1982؛ الجناح: 4.,هل يظهر على الملصق كل ما تشترطه قاعدة المختبر؟ أجب بنعم أو لا.,نعم,يظهر على الملصق البندان المطلوبان: الاسم الكامل وتاريخ الميلاد.,label item 'date of birth: 3 July 1982' → 'bed: 12',لا,لأن الملصق يحتوي على الجناح (4) وهو ليس من المتطلبات المذكورة في القاعدة.,no,34,no,no,no,no,overconstraint_extra_item,Treats an extra ward field as a failure even though the rule only requires name and date of birth.
AR-MIS-05B,MIS-05,MIS-05B,missing_evidence,ar,قاعدة المختبر: يجب أن يظهر على ملصق كل عينة دم (1) الاسم الكامل للمريض و(2) تاريخ ميلاده. لا يظهر على ملصق إحدى عينات الدم إلا ما يلي: الاسم الكامل: سارة أحمد علي؛ السرير: 12؛ الجناح: 4.,هل يظهر على الملصق كل ما تشترطه قاعدة المختبر؟ أجب بنعم أو لا.,لا,يظهر على الملصق الاسم الكامل دون تاريخ الميلاد، والجناح ورقم السرير ليسا من البنود المطلوبة.,label item 'date of birth: 3 July 1982' → 'bed: 12',لا,لأن الملصق لا يحتوي على تاريخ ميلاد المريض، وهو شرط أساسي في قاعدة المختبر.,yes,32,no,yes,yes,no,none,Correct: date of birth is missing.
AR-FPR-01A,FPR-01,FPR-01A,false_premise,ar,تتناول امرأة تبلغ من العمر 41 عامًا الميتفورمين والأتورفاستاتين. ظهر لديها طفح جلدي خفيف على ذراعيها، فنصحها الطبيب باستخدام كريم مرطّب ولم يُجرِ أي تغيير على أدويتها.,ما الدواء الذي أوقفه الطبيب بسبب الطفح الجلدي؟,الفرضية خاطئة: لم يوقف الطبيب أي دواء.,تذكر الحالة أن الطبيب نصح بكريم مرطّب ولم يُجرِ أي تغيير على أدويتها، فلم يُوقَف أي دواء.,doctor 'advised a moisturising cream and made no changes to her medications' → 'stopped atorvastatin because of the rash and made no other changes',لا يوجد,الحالة تشير إلى أن الطبيب لم يوقف أي دواء، بل نصح على استخدام كريم مرطب فقط.,,35,no,yes,yes,no,none,Correctly rejects the premise: no medication was stopped.
AR-FPR-01B,FPR-01,FPR-01B,false_premise,ar,تتناول امرأة تبلغ من العمر 41 عامًا الميتفورمين والأتورفاستاتين. ظهر لديها طفح جلدي خفيف على ذراعيها، فأوقف الطبيب الأتورفاستاتين بسبب الطفح ولم يُجرِ أي تغيير آخر على أدويتها.,ما الدواء الذي أوقفه الطبيب بسبب الطفح الجلدي؟,الأتورفاستاتين.,تذكر الحالة أن الطبيب أوقف الأتورفاستاتين بسبب الطفح.,doctor 'advised a moisturising cream and made no changes to her medications' → 'stopped atorvastatin because of the rash and made no other changes',الأتورفاستاتين,ذكرت الحالة أن الطبيب أوقف الأتورفاستاتين تحديدًا بسبب طفح جلدي ظهر على المريض، بينما لم يُجرِ أي تغيير آخر على أدويتها.,,57,no,yes,yes,no,none,Correct: atorvastatin was stopped.
AR-FPR-02A,FPR-02,FPR-02A,false_premise,ar,فُحص رجل يبلغ من العمر 30 عامًا بسبب السعال. نُظر في إجراء صورة أشعة سينية للصدر لكنها لم تُجرَ. وكانت درجة حرارته 37.0°م.,ماذا أظهرت صورة الأشعة السينية لصدر المريض؟,الفرضية خاطئة: لم تُجرَ أي صورة أشعة سينية للصدر.,تذكر الحالة أن إجراء صورة الأشعة نُظر فيه لكنها لم تُجرَ، فلا توجد لها نتيجة.,chest X-ray 'considered but not performed' → 'performed and showed no abnormality',لم تُجرَ,"ذكرت الحالة صراحةً أن إجراء الأشعة السينية للصدر ""لم تُجرَ"".",,34,no,yes,yes,no,none,Correctly rejects the premise: no chest X-ray was performed.
AR-FPR-02B,FPR-02,FPR-02B,false_premise,ar,فُحص رجل يبلغ من العمر 30 عامًا بسبب السعال. أُجريت له صورة أشعة سينية للصدر ولم تُظهر أي خلل. وكانت درجة حرارته 37.0°م.,ماذا أظهرت صورة الأشعة السينية لصدر المريض؟,لم تُظهر أي خلل.,تذكر الحالة أن صورة الأشعة أُجريت ولم تُظهر أي خلل.,chest X-ray 'considered but not performed' → 'performed and showed no abnormality',لم تُظهر أي خلل,"ذكرت الحالة صراحةً أن صورة الأشعة السينية للصدر ""لم تُظهر أي خلل"".",,38,no,yes,yes,no,none,Correct: X-ray showed no abnormality.
AR-FPR-03A,FPR-03,FPR-03A,false_premise,ar,تُعرَّف الحمّى في هذا السجل بأنها درجة حرارة تبلغ 38.0°م أو أكثر. كانت قراءات درجة حرارة امرأة تبلغ من العمر 23 عامًا كما يلي: 2 يناير: 36.8°م؛ 3 يناير: 37.0°م؛ 4 يناير: 36.9°م.,في أي تاريخ بدأت الحمّى لدى المريضة؟,الفرضية خاطئة: لا تستوفي أي قراءة تعريف الحمّى الوارد في السجل.,جميع القراءات (36.8 و37.0 و36.9°م) أقل من الحد المذكور وهو 38.0°م، فلا يُظهر السجل أي حمّى.,3 January temperature 37.0°C → 38.6°C (fever defined in the case as ≥38.0°C),لم تبدأ الحمى لدى المريضة في أي تاريخ,لأن جميع درجات الحرارة المسجلة (36.8°م، 37.0°م، و36.9°م) كانت أقل من الحد الأدنى للحمى المحدد في السجل وهو 38.0°م.,,73,no,yes,yes,no,none,Correctly rejects fever premise using the stated threshold.
AR-FPR-03B,FPR-03,FPR-03B,false_premise,ar,تُعرَّف الحمّى في هذا السجل بأنها درجة حرارة تبلغ 38.0°م أو أكثر. كانت قراءات درجة حرارة امرأة تبلغ من العمر 23 عامًا كما يلي: 2 يناير: 36.8°م؛ 3 يناير: 38.6°م؛ 4 يناير: 36.9°م.,في أي تاريخ بدأت الحمّى لدى المريضة؟,3 يناير.,أول قراءة تبلغ 38.0°م أو أكثر هي 38.6°م في 3 يناير.,3 January temperature 37.0°C → 38.6°C (fever defined in the case as ≥38.0°C),3 يناير,وفقًا للحالة، تُعرَّف الحمّى بأنها درجة حرارة 38.0°م أو أكثر، وكانت أول قراءة تتجاوز هذا الحد هي 38.6°م في 3 يناير.,,56,no,yes,yes,no,none,Correct: first fever-level reading was on 3 January.
AR-FPR-04A,FPR-04,FPR-04A,false_premise,ar,كان من المقرر أن يخضع رجل يبلغ من العمر 52 عامًا لعملية جراحية في الركبة في 9 مايو. وفي صباح يوم العملية ذكر أنه تناول الإفطار. راجع طبيب التخدير ذلك، وأُجريت العملية كما هو مخطط لها.,لماذا أُلغيت عملية الركبة للمريض؟,الفرضية خاطئة: لم تُلغَ العملية، بل أُجريت كما هو مخطط لها.,تذكر الحالة أن العملية أُجريت كما هو مخطط لها.,outcome 'the surgery went ahead as planned' → 'the surgery was cancelled for this reason',لم تُلغِ العملية,لم تُلغَ العملية؛ بل أُجريت كما هو مخطط لها بعد مراجعة الطبيب.,,37,no,yes,yes,no,none,Correctly rejects the cancellation premise.
AR-FPR-04B,FPR-04,FPR-04B,false_premise,ar,كان من المقرر أن يخضع رجل يبلغ من العمر 52 عامًا لعملية جراحية في الركبة في 9 مايو. وفي صباح يوم العملية ذكر أنه تناول الإفطار. راجع طبيب التخدير ذلك، وأُلغيت العملية لهذا السبب.,لماذا أُلغيت عملية الركبة للمريض؟,لأنه تناول الإفطار صباح يوم العملية.,تذكر الحالة أن العملية أُلغيت لأنه تناول الإفطار في صباح ذلك اليوم.,outcome 'the surgery went ahead as planned' → 'the surgery was cancelled for this reason',لأن المريض تناول الإفطار,ذكر المريض أنه تناول الإفطار في صباح يوم العملية، مما أدى إلى إلغاء الجراحة لأسباب تتعلق بالتخدير.,,40,no,yes,yes,no,none,Correct: surgery was cancelled because he ate breakfast.
AR-FPR-05A,FPR-05,FPR-05A,false_premise,ar,أُدخلت امرأة تبلغ من العمر 65 عامًا إلى الجناح العام في 2 يونيو. وفي 3 يونيو نوقش نقلها إلى وحدة العناية المركزة، لكنها بقيت في الجناح العام. وخرجت إلى منزلها في 6 يونيو.,في أي تاريخ نُقلت المريضة إلى وحدة العناية المركزة؟,الفرضية خاطئة: لم تُنقل المريضة إلى وحدة العناية المركزة.,نوقش النقل فقط، وتذكر الحالة أنها بقيت في الجناح العام.,"3 June ICU transfer 'discussed, but she remained on the general ward' → 'carried out (returned to the ward on 5 June)'",3 يونيو,"ينص النص صراحةً على أنه ""في 3 يونيو نوقش نقلها إلى وحدة العناية المركزة"".",,38,no,no,no,no,false_premise_acceptance,Confuses discussion of ICU transfer on 3 June with an actual transfer.
AR-FPR-05B,FPR-05,FPR-05B,false_premise,ar,أُدخلت امرأة تبلغ من العمر 65 عامًا إلى الجناح العام في 2 يونيو. وفي 3 يونيو نُقلت إلى وحدة العناية المركزة، ثم عادت إلى الجناح العام في 5 يونيو. وخرجت إلى منزلها في 6 يونيو.,في أي تاريخ نُقلت المريضة إلى وحدة العناية المركزة؟,3 يونيو.,تذكر الحالة أنها نُقلت إلى وحدة العناية المركزة في 3 يونيو.,"3 June ICU transfer 'discussed, but she remained on the general ward' → 'carried out (returned to the ward on 5 June)'",3 يونيو,الحالة تذكر بوضوح أن المريضة نُقلت إلى وحدة العناية المركزة في 3 يونيو.,,34,no,yes,yes,no,none,Correct: transfer occurred on 3 June.
AR-CAU-01A,CAU-01,CAU-01A,causal_reasoning,ar,بدأت امرأة تبلغ من العمر 38 عامًا تناول دواء جديد في 1 مايو، وبدأ لديها صداع يومي في 3 مايو. أوقفت الدواء في 10 مايو، واستمر الصداع دون تغيير. ثم استأنفت الدواء في 20 مايو، واستمر الصداع اليومي دون تغيير.,بناءً على المعلومات الواردة في هذه الحالة فقط، هل تدعم الأدلة احتمال أن يكون الدواء هو سبب الصداع لديها؟ أجب بنعم أو لا.,لا,لم يتغير الصداع عند إيقاف الدواء ولا عند استئنافه.,"headaches on stopping/restarting the medication: continued unchanged both times → stopped, then returned",لا,استمر الصداع دون تغيير بعد إيقاف الدواء واستئنافه، مما يشير إلى أن الدواء لم يكن هو السبب.,yes,35,no,yes,yes,no,none,Correct: no symptom change on dechallenge/rechallenge.
AR-CAU-01B,CAU-01,CAU-01B,causal_reasoning,ar,بدأت امرأة تبلغ من العمر 38 عامًا تناول دواء جديد في 1 مايو، وبدأ لديها صداع يومي في 3 مايو. أوقفت الدواء في 10 مايو، فتوقف الصداع بحلول 12 مايو. ثم استأنفت الدواء في 20 مايو، فعاد الصداع اليومي في 22 مايو.,بناءً على المعلومات الواردة في هذه الحالة فقط، هل تدعم الأدلة احتمال أن يكون الدواء هو سبب الصداع لديها؟ أجب بنعم أو لا.,نعم,توقف الصداع بعد إيقاف الدواء، وعاد بعد استئنافه.,"headaches on stopping/restarting the medication: continued unchanged both times → stopped, then returned",نعم,توقف الصداع بعد إيقاف الدواء واستمر بعد إعادة تناوله، مما يشير إلى علاقة سببية.,yes,33,no,yes,yes,no,none,Core rationale is supported: headache stopped after stopping and was present again after restarting.
AR-CAU-02A,CAU-02,CAU-02A,causal_reasoning,ar,سُجّل تورّم الكاحل لدى رجل يبلغ من العمر 66 عامًا لأول مرة في 16 أغسطس، وبدأ تناول دواء جديد لضغط الدم في 9 أغسطس. ولم يتناول أي أدوية جديدة أخرى، ولم يُعثَر على سبب آخر للتورّم.,بناءً على المعلومات الواردة في هذه الحالة فقط، هل تدعم الأدلة احتمال أن يكون دواء ضغط الدم هو سبب تورّم الكاحل لديه؟ أجب بنعم أو لا.,نعم,سُجّل التورّم لأول مرة في 16 أغسطس، أي بعد بدء الدواء في 9 أغسطس، دون أدوية جديدة أخرى ودون سبب آخر.,ankle swelling first recorded vs medication start on 9 August: 16 August (after) → 2 August (before),لا,بدأ المريض بتناول دواء ضغط الدم قبل تورّم الكاحل، لكن الحالة لم تُسجّل إلا بعد 7 أيام من بدء الدواء، وهو فاصل زمني غير كافٍ عادةً لتسبب دواء ضغط الدم في تورّم الكاحل، كما لم يُذكر أي أعراض جانبية أخرى أو تفاصيل عن نوع الدواء.,no,83,no,no,no,yes,unsupported_medical_assumption,Invents that seven days is generally too short and relies on unspecified drug details despite the prompt saying use only the case.
AR-CAU-02B,CAU-02,CAU-02B,causal_reasoning,ar,سُجّل تورّم الكاحل لدى رجل يبلغ من العمر 66 عامًا لأول مرة في 2 أغسطس، وبدأ تناول دواء جديد لضغط الدم في 9 أغسطس. ولم يتناول أي أدوية جديدة أخرى، ولم يُعثَر على سبب آخر للتورّم.,بناءً على المعلومات الواردة في هذه الحالة فقط، هل تدعم الأدلة احتمال أن يكون دواء ضغط الدم هو سبب تورّم الكاحل لديه؟ أجب بنعم أو لا.,لا,سُجّل التورّم لأول مرة في 2 أغسطس، أي قبل بدء الدواء في 9 أغسطس، فلا يمكن أن يفسّر الدواء بدايته.,ankle swelling first recorded vs medication start on 9 August: 16 August (after) → 2 August (before),لا,لا يوجد دليل في الحالة يربط بين تناول دواء ضغط الدم وتورّم الكاحل، حيث بدأ المريض بتناول الدواء بعد فترة من ظهور التورّم (بين 2 أغسطس و9 أغسطس)، مما يجعل التسبب غير مدعوم زمنيًا.,yes,68,no,yes,yes,no,none,"Correct: swelling began before medication, so medication cannot explain onset."
AR-CAU-03A,CAU-03,CAU-03A,causal_reasoning,ar,يعاني رجل يبلغ من العمر 27 عامًا من العطاس وحكة العينين يوميًا منذ شهر مارس، حين اقتنت عائلته قطة. وفي يونيو انتقلت القطة للعيش لدى أقارب، فتوقفت أعراضه خلال أسبوع. وفي أغسطس قضى يومًا في منزل صديق لديه قطة، فعادت أعراضه في ذلك اليوم.,بناءً على المعلومات الواردة في هذه الحالة فقط، هل تدعم الأدلة احتمال أن يكون التعرض للقطط هو سبب أعراضه؟ أجب بنعم أو لا.,نعم,توقفت الأعراض بعد رحيل القطة، وعادت عند التعرض لقطة مرة أخرى.,after the cat left: symptoms stopped and returned on re-exposure → continued unchanged both times,نعم,توقفت الأعراض عندما انتقلت القطة للعائلة، وعادت الأعراض بعد قضاء يوم في منزل صديق لديه قطة، مما يشير إلى ارتباط مباشر بين التعرض للقطط والأعراض.,yes,51,no,yes,yes,no,none,Correct dechallenge/re-exposure pattern.
AR-CAU-03B,CAU-03,CAU-03B,causal_reasoning,ar,يعاني رجل يبلغ من العمر 27 عامًا من العطاس وحكة العينين يوميًا منذ شهر مارس، حين اقتنت عائلته قطة. وفي يونيو انتقلت القطة للعيش لدى أقارب، واستمرت أعراضه دون تغيير. وفي أغسطس قضى يومًا في منزل صديق لديه قطة، واستمرت أعراضه دون تغيير في ذلك اليوم.,بناءً على المعلومات الواردة في هذه الحالة فقط، هل تدعم الأدلة احتمال أن يكون التعرض للقطط هو سبب أعراضه؟ أجب بنعم أو لا.,لا,لم تتغير الأعراض عند انتهاء التعرض للقطة ولا عند التعرض لقطة مرة أخرى.,after the cat left: symptoms stopped and returned on re-exposure → continued unchanged both times,لا,استمرت أعراض المريض (العطاس وحكة العينين) دون تغيير حتى بعد انتقال القطة للعيش لدى أقاربه، مما يعني أن التعرض اليومي للقطط لم يكن هو السبب.,yes,54,no,yes,yes,no,none,Correct: symptoms did not track cat exposure.
AR-CAU-04A,CAU-04,CAU-04A,causal_reasoning,ar,تساءلت امرأة تبلغ من العمر 35 عامًا عمّا إذا كان الحليب يسبب لها ألم المعدة، فدوّنت يومياتها لمدة 14 يومًا. في الأيام السبعة التي شربت فيها الحليب، شعرت بألم في المعدة في يوم واحد. وفي الأيام السبعة التي لم تشرب فيها الحليب، شعرت بألم في المعدة في 6 أيام.,بناءً على المعلومات الواردة في هذه الحالة فقط، هل تدعم الأدلة احتمال أن يكون الحليب هو سبب ألم المعدة لديها؟ أجب بنعم أو لا.,لا,كان الألم أكثر تكرارًا في الأيام التي لم تشرب فيها الحليب (6 من 7) منه في أيام شرب الحليب (1 من 7).,pain-day counts swapped: milk days 1/7 vs no-milk days 6/7 → milk days 6/7 vs no-milk days 1/7,لا,في الأيام التي شربت فيها الحليب، شعرت بألم المعدة في يوم واحد فقط، بينما شعرت به في 6 أيام من الأيام التي لم تشرب فيها الحليب، مما يشير إلى أن الحليب ليس السبب.,yes,58,no,yes,yes,no,none,Correct: pain was more frequent without milk.
AR-CAU-04B,CAU-04,CAU-04B,causal_reasoning,ar,تساءلت امرأة تبلغ من العمر 35 عامًا عمّا إذا كان الحليب يسبب لها ألم المعدة، فدوّنت يومياتها لمدة 14 يومًا. في الأيام السبعة التي شربت فيها الحليب، شعرت بألم في المعدة في 6 أيام. وفي الأيام السبعة التي لم تشرب فيها الحليب، شعرت بألم في المعدة في يوم واحد.,بناءً على المعلومات الواردة في هذه الحالة فقط، هل تدعم الأدلة احتمال أن يكون الحليب هو سبب ألم المعدة لديها؟ أجب بنعم أو لا.,نعم,كان الألم أكثر تكرارًا في أيام شرب الحليب (6 من 7) منه في الأيام التي لم تشرب فيها الحليب (1 من 7).,pain-day counts swapped: milk days 1/7 vs no-milk days 6/7 → milk days 6/7 vs no-milk days 1/7,لا,في الأيام التي شربت فيها الحليب، شعرت بألم المعدة في 6 من 7 أيام (حوالي 86%)، بينما في الأيام التي لم تشرب فيها الحليب، شعرت بألم في 1 من 7 أيام (حوالي 14%). هذا الفرق الكبير في التكرار يشير إلى أن الحليب هو السبب المحتمل لألم المعدة.,no,89,no,no,no,no,answer_reason_mismatch,"Reason correctly identifies much higher pain frequency with milk, but FINAL_ANSWER is No."
AR-CAU-05A,CAU-05,CAU-05A,causal_reasoning,ar,تعاني امرأة تبلغ من العمر 59 عامًا من رعشة في اليد. خفّض طبيبها جرعة أحد أدويتها إلى النصف من 1 مارس إلى 14 مارس، ثم أعادها إلى الجرعة الأصلية في 15 مارس. وتُظهر مفكرة الرعشة لديها ما يلي: قبل 1 مارس، رعشة كل يوم؛ من 1 إلى 14 مارس، لا رعشة؛ ابتداءً من 15 مارس، رعشة كل يوم.,بناءً على المعلومات الواردة في هذه الحالة فقط، هل تدعم الأدلة احتمال أن يكون هذا الدواء مساهمًا في الرعشة لديها؟ أجب بنعم أو لا.,نعم,اختفت الرعشة أثناء خفض الجرعة إلى النصف، وعادت عند استئناف الجرعة الأصلية.,tremor during the halved-dose period (1–14 March): none → every day,لا,"اختفت الرعشة فقط عندما تم خفض الجرعة، وعودت بعد إعادة الجرعة، مما يشير إلى أن الدواء هو السبب، لكن السؤال يسأل عما إذا كانت الأدلة تدعم ""الاحتمال"" بشكل عام. في سياق السببية الدوائية، وجود علاقة زمنية واضحة (توقف العرض عند التوقف عن الدواء، وعودته عند استئنافه) هو دليل قوي جدًا على السببية، وليس مجرد احتمال ضعيف. ومع ذلك، إذا كان المقصود بالسؤال هو هل هناك أدلة *مباشرة* تثبت السببية دون استبعاد عوامل أخرى غير مذكورة؟ لا، لأن الحالة لا تستبعد عوامل أخرى. لكن التفسير الأكثر دقة في سياق طبي: العلاقة الزمنية القوية تدعم السببية بقوة. دعنا نراجع السؤال: ""هل تدعم الأدلة الاحتمال"". نعم، الأدلة تدعم الاحتمال (بل هي قوية). لكن ربما السؤال صيغ لاختبار فهم العلاقة السببية. إذا كانت الإجابة ""نعم""، فالسبب هو العلاقة الزمنية. إذا كانت ""لا""، فلماذا؟ ربما لأننا لا نعرف الجرعة الأصلية أو نوع الدواء. لكن في الاختبارات الطبية، هذه الحالة هي نموذج كلاسيكي لإثبات السببية. لذا الإجابة يجب أن تكون ""نعم"".

لنعد صياغة الإجابة:
FINAL_ANSWER: نعم
REASON: تظهر السجلات زمنية واضحة: اختفت الرعشة عند خفض الجرعة وعودت عند إعادتها، مما يشير إلى علاقة سببية قوية بين الدواء والرعشة.",no,341,no,no,no,no,answer_reason_mismatch;format_self_correction,"Reason ultimately concludes the evidence supports causality and even self-corrects to Yes, but the extracted FINAL_ANSWER is No."
AR-CAU-05B,CAU-05,CAU-05B,causal_reasoning,ar,تعاني امرأة تبلغ من العمر 59 عامًا من رعشة في اليد. خفّض طبيبها جرعة أحد أدويتها إلى النصف من 1 مارس إلى 14 مارس، ثم أعادها إلى الجرعة الأصلية في 15 مارس. وتُظهر مفكرة الرعشة لديها ما يلي: قبل 1 مارس، رعشة كل يوم؛ من 1 إلى 14 مارس، رعشة كل يوم؛ ابتداءً من 15 مارس، رعشة كل يوم.,بناءً على المعلومات الواردة في هذه الحالة فقط، هل تدعم الأدلة احتمال أن يكون هذا الدواء مساهمًا في الرعشة لديها؟ أجب بنعم أو لا.,لا,كانت الرعشة موجودة كل يوم بغض النظر عن الجرعة: قبل فترة خفض الجرعة وأثناءها وبعدها.,tremor during the halved-dose period (1–14 March): none → every day,لا,لم يحدث أي تغيير في شدة الرعشة أو تواترها بعد تعديل الجرعة أو إعادةها، مما لا يدعم فرضية أن الدواء هو السبب.,yes,44,no,yes,yes,no,none,Correct: tremor did not change with dose.
EN-TMP-01A,TMP-01,TMP-01A,temporal_reasoning,en,A 34-year-old woman started a new medication on 3 March. A skin rash first appeared on 1 March.,Did the rash begin after she started the new medication? Answer Yes or No.,No,"The rash first appeared on 1 March, before the medication was started on 3 March.",rash onset vs medication start on 3 March: 1 March (before) → 6 March (after),No,"The rash appeared on 1 March, which is before the medication was started on 3 March.",yes,32,no,yes,yes,no,none,Correct temporal ordering.
EN-TMP-01B,TMP-01,TMP-01B,temporal_reasoning,en,A 34-year-old woman started a new medication on 3 March. A skin rash first appeared on 6 March.,Did the rash begin after she started the new medication? Answer Yes or No.,Yes,"The rash first appeared on 6 March, after the medication was started on 3 March.",rash onset vs medication start on 3 March: 1 March (before) → 6 March (after),Yes,"The medication was started on March 3, and the rash appeared on March 6, which is after the start date.",yes,37,no,yes,yes,no,none,Correct temporal ordering.
EN-TMP-02A,TMP-02,TMP-02A,temporal_reasoning,en,A 60-year-old man in the emergency department received his first dose of an antibiotic at 10:00. A blood sample for culture was drawn from him at 09:15 on the same day.,Was the blood sample drawn before the first antibiotic dose? Answer Yes or No.,Yes,"The sample was drawn at 09:15, before the first dose at 10:00.",blood sample time vs first antibiotic dose at 10:00: 09:15 (before) → 11:30 (after),Yes,"The blood sample was drawn at 09:15, and the first antibiotic dose was administered at 10:00, meaning the sample was collected 45 minutes prior to the dose.",yes,54,no,yes,yes,no,none,Correct: sample was before dose.
EN-TMP-02B,TMP-02,TMP-02B,temporal_reasoning,en,A 60-year-old man in the emergency department received his first dose of an antibiotic at 10:00. A blood sample for culture was drawn from him at 11:30 on the same day.,Was the blood sample drawn before the first antibiotic dose? Answer Yes or No.,No,"The sample was drawn at 11:30, after the first dose at 10:00.",blood sample time vs first antibiotic dose at 10:00: 09:15 (before) → 11:30 (after),No,"The blood sample was drawn at 11:30, which is after the first antibiotic dose administered at 10:00.",yes,41,no,yes,yes,no,none,Correct: sample was after dose.
EN-TMP-03A,TMP-03,TMP-03A,temporal_reasoning,en,"A 70-year-old woman on a hospital ward had her oxygen saturation recorded at 08:00 (96%), 11:00 (95%) and 14:00 (89%). A new intravenous infusion was started at 12:00.",Was the first oxygen saturation reading below 90% recorded after the infusion was started? Answer Yes or No.,Yes,"The first reading below 90% was 89% at 14:00, after the infusion started at 12:00; the earlier readings were 96% and 95%.",11:00 oxygen saturation 95% → 88% (first reading below 90% moves from after the 12:00 infusion start to before it),No,"The first oxygen saturation reading below 90% was recorded at 14:00 (89%), while the infusion was started at 12:00; therefore, the low reading occurred after the infusion, not before.",no,61,no,no,no,no,answer_reason_mismatch,"Reason correctly says the low reading occurred after infusion start, but FINAL_ANSWER is No."
EN-TMP-03B,TMP-03,TMP-03B,temporal_reasoning,en,"A 70-year-old woman on a hospital ward had her oxygen saturation recorded at 08:00 (96%), 11:00 (88%) and 14:00 (89%). A new intravenous infusion was started at 12:00.",Was the first oxygen saturation reading below 90% recorded after the infusion was started? Answer Yes or No.,No,"The first reading below 90% was 88% at 11:00, before the infusion started at 12:00.",11:00 oxygen saturation 95% → 88% (first reading below 90% moves from after the 12:00 infusion start to before it),No,"The first oxygen saturation reading below 90% was recorded at 11:00, which is before the infusion started at 12:00.",yes,46,no,yes,yes,no,none,Correct: low reading was before infusion.
EN-TMP-04A,TMP-04,TMP-04A,temporal_reasoning,en,A 40-year-old man received a vaccine on 14 April at 09:00. He reported that his headache started on 13 April at 20:00.,Did the headache start after the vaccination? Answer Yes or No.,No,"The headache started on 13 April, the day before the vaccination on 14 April.",headache onset 13 April 20:00 (before vaccination on 14 April 09:00) → 15 April 20:00 (after),No,"The headache started on 13 April, which is one day before the vaccination received on 14 April.",yes,35,no,yes,yes,no,none,Correct: headache preceded vaccination.
EN-TMP-04B,TMP-04,TMP-04B,temporal_reasoning,en,A 40-year-old man received a vaccine on 14 April at 09:00. He reported that his headache started on 15 April at 20:00.,Did the headache start after the vaccination? Answer Yes or No.,Yes,"The headache started on 15 April, the day after the vaccination on 14 April.",headache onset 13 April 20:00 (before vaccination on 14 April 09:00) → 15 April 20:00 (after),Yes,"The headache started on 15 April at 20:00, which is after the vaccination received on 14 April at 09:00.",yes,47,no,yes,yes,no,none,Correct: headache followed vaccination.
EN-TMP-05A,TMP-05,TMP-05A,temporal_reasoning,en,A 50-year-old woman had a cough from 2 June until it stopped on 9 June. She started using an inhaler on 7 June.,Had the cough already stopped before she started using the inhaler? Answer Yes or No.,No,She started the inhaler on 7 June while the cough was still present; the cough did not stop until 9 June.,inhaler start 7 June (before the cough stopped on 9 June) → 11 June (after),Yes,"The cough stopped on 9 June, and the inhaler was started on 7 June, meaning the cough had already ceased before the inhaler was used.",no,44,no,no,no,no,temporal_order_error,Incorrectly treats 9 June as occurring before 7 June.
EN-TMP-05B,TMP-05,TMP-05B,temporal_reasoning,en,A 50-year-old woman had a cough from 2 June until it stopped on 9 June. She started using an inhaler on 11 June.,Had the cough already stopped before she started using the inhaler? Answer Yes or No.,Yes,"The cough stopped on 9 June, before she started the inhaler on 11 June.",inhaler start 7 June (before the cough stopped on 9 June) → 11 June (after),Yes,"The cough stopped on 9 June, and the inhaler was started on 11 June, meaning the cough had already ceased before the inhaler was used.",yes,45,no,yes,yes,no,none,Correct: cough stopped before inhaler began.
EN-CON-01A,CON-01,CON-01A,contradiction_detection,en,Two entries were made in a 45-year-old man's record during his admission interview on 5 March. Entry 1: 'Current regular medications: none.' Entry 2: 'The patient currently takes metformin every day.',Do the two entries contradict each other? Answer Yes or No.,Yes,"Entry 1 says he currently takes no regular medications, but Entry 2 from the same interview says he currently takes metformin every day.",Entry 2 'currently takes metformin every day' → 'took metformin every day until stopping it two years ago',No,"The second entry clarifies that the patient takes metformin, which is a specific medication, whereas the first entry likely referred to the absence of other regular medications or was an initial assessment before the new information was recorded.",no,56,no,no,no,yes,unsupported_reconciliation,"Invents that the first entry meant no other medications or was recorded earlier, despite both being current same-interview entries."
EN-CON-01B,CON-01,CON-01B,contradiction_detection,en,Two entries were made in a 45-year-old man's record during his admission interview on 5 March. Entry 1: 'Current regular medications: none.' Entry 2: 'The patient took metformin every day until he stopped it two years ago.',Do the two entries contradict each other? Answer Yes or No.,No,"Entry 2 describes metformin that he stopped two years ago, which agrees with Entry 1 that he takes no regular medications now.",Entry 2 'currently takes metformin every day' → 'took metformin every day until stopping it two years ago',No,"The entries do not contradict because the patient may have been taking metformin regularly until two years ago, at which point he stopped, resulting in no current medications at the time of the interview.",yes,51,no,yes,yes,no,none,Correct: past metformin use is consistent with no current medication.
EN-CON-02A,CON-02,CON-02A,contradiction_detection,en,A 36-year-old woman with a single skin lesion had it removed on 14 April. Operating-room checklist: 'Procedure: removal of the skin lesion on the left forearm.' Surgeon's operative note for the same operation: 'The skin lesion on the right forearm was removed.',Are the checklist and the operative note consistent with each other? Answer Yes or No.,No,"She had only one lesion, but the checklist says left forearm while the operative note for the same operation says right forearm.",operative note side 'right forearm' → 'left forearm' (checklist says left; single lesion),No,"The checklist states the lesion was removed from the left forearm, while the operative note states it was removed from the right forearm, indicating a discrepancy in the recorded location.",yes,45,no,yes,yes,no,none,Correct: left/right discrepancy.
EN-CON-02B,CON-02,CON-02B,contradiction_detection,en,A 36-year-old woman with a single skin lesion had it removed on 14 April. Operating-room checklist: 'Procedure: removal of the skin lesion on the left forearm.' Surgeon's operative note for the same operation: 'The skin lesion on the left forearm was removed.',Are the checklist and the operative note consistent with each other? Answer Yes or No.,Yes,Both the checklist and the operative note say left forearm.,operative note side 'right forearm' → 'left forearm' (checklist says left; single lesion),Yes,"Both the checklist and the operative note explicitly state that the procedure involved the removal of a skin lesion on the left forearm, which are identical descriptions.",yes,41,no,yes,yes,no,none,Correct: both say left forearm.
EN-CON-03A,CON-03,CON-03A,contradiction_detection,en,A blood sample was taken from a 52-year-old man on 10 January. The laboratory tested this same sample twice that day. First test: blood group A positive. Second test: blood group O positive.,Are the two test results consistent with each other? Answer Yes or No.,No,The same sample was reported as group A positive in one test and group O positive in the other.,second test of the same sample 'group O positive' → 'group A positive',No,The two tests reported conflicting blood group results (A positive vs. O positive) for the same sample taken at the same time.,yes,38,no,yes,yes,no,none,Correct: conflicting blood groups.
EN-CON-03B,CON-03,CON-03B,contradiction_detection,en,A blood sample was taken from a 52-year-old man on 10 January. The laboratory tested this same sample twice that day. First test: blood group A positive. Second test: blood group A positive.,Are the two test results consistent with each other? Answer Yes or No.,Yes,Both tests of the same sample report group A positive.,second test of the same sample 'group O positive' → 'group A positive',Yes,Both tests yielded the identical result of blood group A positive from the same sample.,yes,28,no,yes,yes,no,none,Correct: same blood group result.
EN-CON-04A,CON-04,CON-04A,contradiction_detection,en,A 47-year-old man's social history was recorded during a single clinic visit on 8 August. Statement 1: 'The patient has never smoked.' Statement 2: 'The patient smokes 10 cigarettes a day.',Do the two statements contradict each other? Answer Yes or No.,Yes,"Statement 1 says he has never smoked, but Statement 2 from the same visit says he smokes 10 cigarettes a day.",smoker in Statement 2 'the patient' → 'the patient's wife',Yes,"Statement 1 claims the patient has never smoked, while Statement 2 claims he smokes 10 cigarettes a day; these are mutually exclusive facts.",yes,43,no,yes,yes,no,none,Correct contradiction.
EN-CON-04B,CON-04,CON-04B,contradiction_detection,en,A 47-year-old man's social history was recorded during a single clinic visit on 8 August. Statement 1: 'The patient has never smoked.' Statement 2: 'The patient's wife smokes 10 cigarettes a day.',Do the two statements contradict each other? Answer Yes or No.,No,"Statement 2 is about his wife's smoking, which does not conflict with him never having smoked.",smoker in Statement 2 'the patient' → 'the patient's wife',No,"Statement 1 refers to the patient's personal smoking history, while Statement 2 refers to his wife's smoking habits; these are two different individuals and do not contradict each other.",yes,48,no,yes,yes,no,none,Correct: statements refer to different people.
EN-CON-05A,CON-05,CON-05A,contradiction_detection,en,"A 63-year-old woman's discharge summary states: 'The patient received a total of 3 units of blood during this admission.' The transfusion log, which records every unit given during the same admission, lists: 2 May – 1 unit; 4 May – 1 unit.",Is the discharge summary consistent with the transfusion log? Answer Yes or No.,No,"The log, which records every unit, totals 2 units (1 + 1), but the summary states 3 units.","units logged on 4 May: 1 → 2 (log total 2 → 3, versus 3 stated in the summary)",No,"The discharge summary states the patient received a total of 3 units of blood, but the transfusion log only records 2 units (1 on May 2 and 1 on May 4).",yes,52,no,yes,yes,no,none,Correct: 2 units in log vs 3 in summary.
EN-CON-05B,CON-05,CON-05B,contradiction_detection,en,"A 63-year-old woman's discharge summary states: 'The patient received a total of 3 units of blood during this admission.' The transfusion log, which records every unit given during the same admission, lists: 2 May – 1 unit; 4 May – 2 units.",Is the discharge summary consistent with the transfusion log? Answer Yes or No.,Yes,"The log totals 3 units (1 + 2), matching the summary.","units logged on 4 May: 1 → 2 (log total 2 → 3, versus 3 stated in the summary)",Yes,"The transfusion log lists 1 unit on May 2 and 2 units on May 4, which sums to a total of 3 units, matching the discharge summary.",yes,48,no,yes,yes,no,none,Correct: 1+2 units matches summary.
EN-MIS-01A,MIS-01,MIS-01A,missing_evidence,en,"Clinic rule: before a patient starts the new medication, the record must contain (1) the patient's weight and (2) a kidney function test result. The record of a 58-year-old man contains only the following entries: weight: 72 kg; kidney function test: normal; blood pressure: 130/85 mmHg.",Does the record contain every item required by the clinic rule? Answer Yes or No.,Yes,The record contains both required items: the weight (72 kg) and a kidney function test result.,record entry 'kidney function test: normal' → 'cholesterol test: normal',Yes,"The record contains both the patient's weight (72 kg) and a kidney function test result (normal), satisfying all requirements of the clinic rule.",yes,42,no,yes,yes,no,none,Correct: both required items are present.
EN-MIS-01B,MIS-01,MIS-01B,missing_evidence,en,"Clinic rule: before a patient starts the new medication, the record must contain (1) the patient's weight and (2) a kidney function test result. The record of a 58-year-old man contains only the following entries: weight: 72 kg; cholesterol test: normal; blood pressure: 130/85 mmHg.",Does the record contain every item required by the clinic rule? Answer Yes or No.,No,The record contains the weight but no kidney function test result; the cholesterol test is not a required item.,record entry 'kidney function test: normal' → 'cholesterol test: normal',No,The record contains the patient's weight but is missing the required kidney function test result.,yes,29,no,yes,yes,no,none,Correct: kidney function result is missing.
EN-MIS-02A,MIS-02,MIS-02A,missing_evidence,en,"Hospital rule: before a planned endoscopy, the record must contain (1) a consent form signed by the patient and (2) the time of the patient's last meal. The record of a 44-year-old woman contains only the following entries: consent form: signed by the patient; last meal: 20:00 the previous evening; allergies: none.",Is any item required by the hospital rule missing from the record? Answer Yes or No.,No,Both required items are present: a consent form signed by the patient and the time of the last meal.,"consent form 'signed by the patient' → 'explained to the patient, not yet signed'",No,The record contains both required items: a signed consent form and the time of the last meal (20:00 the previous evening).,yes,40,no,yes,yes,no,none,Correct: no required item is missing.
EN-MIS-02B,MIS-02,MIS-02B,missing_evidence,en,"Hospital rule: before a planned endoscopy, the record must contain (1) a consent form signed by the patient and (2) the time of the patient's last meal. The record of a 44-year-old woman contains only the following entries: consent form: explained to the patient, not yet signed; last meal: 20:00 the previous evening; allergies: none.",Is any item required by the hospital rule missing from the record? Answer Yes or No.,Yes,"The consent form was explained but not signed, so the required signed consent form is missing.","consent form 'signed by the patient' → 'explained to the patient, not yet signed'",Yes,"The record states the consent form was ""explained to the patient, not yet signed,"" whereas the hospital rule requires a ""consent form signed by the patient.""",yes,44,no,yes,yes,no,none,Correct: signed consent is missing.
EN-MIS-03A,MIS-03,MIS-03A,missing_evidence,en,"Ward rule: before a patient is discharged, the record must contain (1) a list of discharge medications and (2) a follow-up appointment date. The record of a 71-year-old man contains only the following entries: discharge medications: listed; follow-up appointment: 12 October; diet: regular.",Is any item required by the ward rule missing from the record? Answer Yes or No.,No,Both required items are present: the discharge medication list and a follow-up appointment date (12 October).,follow-up appointment '12 October' → 'to be arranged later',No,The record contains both required items: discharge medications are listed and a follow-up appointment date (12 October) is present.,yes,37,no,yes,yes,no,none,Correct: required items are present.
EN-MIS-03B,MIS-03,MIS-03B,missing_evidence,en,"Ward rule: before a patient is discharged, the record must contain (1) a list of discharge medications and (2) a follow-up appointment date. The record of a 71-year-old man contains only the following entries: discharge medications: listed; follow-up appointment: to be arranged later; diet: regular.",Is any item required by the ward rule missing from the record? Answer Yes or No.,Yes,"The follow-up appointment is 'to be arranged later', so no follow-up appointment date is recorded.",follow-up appointment '12 October' → 'to be arranged later',Yes,"The ward rule requires a specific follow-up appointment date, but the record only states the appointment is ""to be arranged later,"" which does not satisfy the requirement for a definite date.",yes,48,no,yes,yes,no,none,Correct: specific follow-up date is missing.
EN-MIS-04A,MIS-04,MIS-04A,missing_evidence,en,"Radiology rule: before an abdominal X-ray in a woman aged 15 to 50, the record must contain a pregnancy test result. The record of a 29-year-old woman referred for an abdominal X-ray contains only the following entries: urine pregnancy test: negative; temperature: 36.9°C.",Does the record contain every item required by the radiology rule? Answer Yes or No.,Yes,"The rule applies (she is 29), and the record contains a pregnancy test result (negative).",record entry 'urine pregnancy test: negative' → 'urine infection test: negative',No,"The radiology rule requires a pregnancy test result, which is present, but it does not explicitly require a temperature reading; however, the question asks if the record contains *every* item required. Since the rule only mandates the pregnancy test, the presence of the temperature does not make the record incomplete. Wait, re-reading the logic: The rule says ""the record must contain a pregnancy test result"". The record contains a pregnancy test result. Therefore, it contains every item *required* by the rule. The temperature is extra information, not a violation. Let me re-evaluate the standard interpretation of such logic puzzles. Usually, these tests check if all mandatory fields are present. Mandatory: Pregnancy test. Present: Yes. So the answer should be Yes.

Correction: The rule states ""the record must contain a pregnancy test result"". The record contains ""urine pregnancy test: negative"". This satisfies the requirement. The temperature is irrelevant to the rule's requirement. Therefore, the record contains every item required by the rule.

FINAL_ANSWER: Yes
REASON: The rule requires only a pregnancy test result, which is present in the record; the temperature is extraneous information not mandated by the rule.",no,257,no,no,no,no,answer_reason_mismatch;format_self_correction,"Reason self-corrects and explicitly concludes Yes, but the extracted FINAL_ANSWER is No."
EN-MIS-04B,MIS-04,MIS-04B,missing_evidence,en,"Radiology rule: before an abdominal X-ray in a woman aged 15 to 50, the record must contain a pregnancy test result. The record of a 29-year-old woman referred for an abdominal X-ray contains only the following entries: urine infection test: negative; temperature: 36.9°C.",Does the record contain every item required by the radiology rule? Answer Yes or No.,No,"The rule applies (she is 29), but the record contains a urine infection test, not a pregnancy test result.",record entry 'urine pregnancy test: negative' → 'urine infection test: negative',No,"The radiology rule requires a pregnancy test result, but the record only contains entries for a urine infection test and temperature.",yes,36,no,yes,yes,no,none,Correct: pregnancy test result is absent.
EN-MIS-05A,MIS-05,MIS-05A,missing_evidence,en,Laboratory rule: every blood sample label must show (1) the patient's full name and (2) the patient's date of birth. A blood sample label shows only the following: full name: Sara Ahmed Ali; date of birth: 3 July 1982; ward: 4.,Does the label show every item required by the laboratory rule? Answer Yes or No.,Yes,The label shows both required items: the full name and the date of birth.,label item 'date of birth: 3 July 1982' → 'bed: 12',No,"The label includes the patient's full name and date of birth, but it also includes an extra item (ward: 4) that is not required by the rule, meaning it does not show *only* the required items.",no,58,no,no,no,no,overconstraint_extra_item,Treats an extra ward field as disqualifying although all required fields are present.
EN-MIS-05B,MIS-05,MIS-05B,missing_evidence,en,Laboratory rule: every blood sample label must show (1) the patient's full name and (2) the patient's date of birth. A blood sample label shows only the following: full name: Sara Ahmed Ali; bed: 12; ward: 4.,Does the label show every item required by the laboratory rule? Answer Yes or No.,No,The label shows the full name but no date of birth; the ward and bed numbers are not required items.,label item 'date of birth: 3 July 1982' → 'bed: 12',No,"The label is missing the patient's date of birth, which is required by the laboratory rule.",yes,31,no,yes,yes,no,none,Correct: date of birth is missing.
EN-FPR-01A,FPR-01,FPR-01A,false_premise,en,A 41-year-old woman takes metformin and atorvastatin. She developed a mild rash on her arms. Her doctor advised a moisturising cream and made no changes to her medications.,Which medication did the doctor stop because of the rash?,The premise is false: the doctor did not stop any medication.,"The case states that the doctor advised a moisturising cream and made no changes to her medications, so no medication was stopped.",doctor 'advised a moisturising cream and made no changes to her medications' → 'stopped atorvastatin because of the rash and made no other changes',None,The case states that the doctor made no changes to her medications.,,25,no,yes,yes,no,none,Correctly rejects the premise: no medication was stopped.
EN-FPR-01B,FPR-01,FPR-01B,false_premise,en,A 41-year-old woman takes metformin and atorvastatin. She developed a mild rash on her arms. Her doctor stopped atorvastatin because of the rash and made no other changes to her medications.,Which medication did the doctor stop because of the rash?,Atorvastatin.,The case states that the doctor stopped atorvastatin because of the rash.,doctor 'advised a moisturising cream and made no changes to her medications' → 'stopped atorvastatin because of the rash and made no other changes',atorvastatin,"The case explicitly states that the doctor stopped atorvastatin because of the rash, while no other changes were made to the medications.",,40,no,yes,yes,no,none,Correct: atorvastatin.
EN-FPR-02A,FPR-02,FPR-02A,false_premise,en,A 30-year-old man was examined for a cough. A chest X-ray was considered but was not performed. His temperature was 37.0°C.,What did the patient's chest X-ray show?,The premise is false: no chest X-ray was performed.,"The case states that a chest X-ray was considered but not performed, so there is no result.",chest X-ray 'considered but not performed' → 'performed and showed no abnormality',The chest X-ray was not performed.,The case explicitly states that a chest X-ray was considered but was not performed.,,35,no,yes,yes,no,none,Correctly rejects the premise: X-ray was not performed.
EN-FPR-02B,FPR-02,FPR-02B,false_premise,en,A 30-year-old man was examined for a cough. A chest X-ray was performed and showed no abnormality. His temperature was 37.0°C.,What did the patient's chest X-ray show?,It showed no abnormality.,The case states that the chest X-ray was performed and showed no abnormality.,chest X-ray 'considered but not performed' → 'performed and showed no abnormality',No abnormality,The case explicitly states that the chest X-ray showed no abnormality.,,28,no,yes,yes,no,none,Correct: no abnormality.
EN-FPR-03A,FPR-03,FPR-03A,false_premise,en,"In this record, fever is defined as a temperature of 38.0°C or higher. A 23-year-old woman's temperature readings were: 2 January: 36.8°C; 3 January: 37.0°C; 4 January: 36.9°C.",On what date did the patient's fever begin?,The premise is false: none of the readings meets the record's definition of fever.,"All readings (36.8, 37.0 and 36.9°C) are below the stated 38.0°C threshold, so the record shows no fever.",3 January temperature 37.0°C → 38.6°C (fever defined in the case as ≥38.0°C),Fever did not begin,"The patient's temperatures on January 2, 3, and 4 were 36.8°C, 37.0°C, and 36.9°C respectively, all of which are below the defined fever threshold of 38.0°C.",,71,no,yes,yes,no,none,Correctly rejects the fever premise.
EN-FPR-03B,FPR-03,FPR-03B,false_premise,en,"In this record, fever is defined as a temperature of 38.0°C or higher. A 23-year-old woman's temperature readings were: 2 January: 36.8°C; 3 January: 38.6°C; 4 January: 36.9°C.",On what date did the patient's fever begin?,3 January.,The first reading at or above 38.0°C is 38.6°C on 3 January.,3 January temperature 37.0°C → 38.6°C (fever defined in the case as ≥38.0°C),3 January,"The case defines fever as a temperature of 38.0°C or higher. The patient's temperature was 38.6°C on 3 January, which is the first recorded instance meeting this criterion.",,57,no,yes,yes,no,none,Correct: 3 January.
EN-FPR-04A,FPR-04,FPR-04A,false_premise,en,"A 52-year-old man was scheduled for knee surgery on 9 May. On the morning of the surgery, he said he had eaten breakfast. The anaesthetist reviewed this, and the surgery went ahead as planned.",Why was the patient's knee surgery cancelled?,The premise is false: the surgery was not cancelled; it went ahead as planned.,The case states that the surgery went ahead as planned.,outcome 'the surgery went ahead as planned' → 'the surgery was cancelled for this reason',The surgery was not cancelled; it proceeded as planned.,"The case states that the patient reported eating breakfast, the anaesthetist reviewed this information, and the surgery went ahead. There is no mention of the surgery being cancelled.",,57,no,yes,yes,no,none,Correctly rejects cancellation premise.
EN-FPR-04B,FPR-04,FPR-04B,false_premise,en,"A 52-year-old man was scheduled for knee surgery on 9 May. On the morning of the surgery, he said he had eaten breakfast. The anaesthetist reviewed this, and the surgery was cancelled for this reason.",Why was the patient's knee surgery cancelled?,Because he had eaten breakfast on the morning of the surgery.,The case states that the surgery was cancelled because he had eaten breakfast that morning.,outcome 'the surgery went ahead as planned' → 'the surgery was cancelled for this reason',The patient had eaten breakfast,"The case states that on the morning of the surgery, the patient reported eating breakfast, which led the anaesthetist to review this and subsequently cancel the surgery.",,49,no,yes,yes,no,none,Correct: breakfast caused cancellation.
EN-FPR-05A,FPR-05,FPR-05A,false_premise,en,"A 65-year-old woman was admitted to the general ward on 2 June. On 3 June, transfer to the intensive care unit was discussed, but she remained on the general ward. She was discharged home on 6 June.",On what date was the patient transferred to the intensive care unit?,The premise is false: she was never transferred to the intensive care unit.,The transfer was only discussed; the case states that she remained on the general ward.,"3 June ICU transfer 'discussed, but she remained on the general ward' → 'carried out (returned to the ward on 5 June)'",The patient was not transferred to the intensive care unit.,"The case states that on 3 June, transfer to the intensive care unit was ""discussed,"" but she ""remained on the general ward."" No subsequent transfer is mentioned in the text.",,61,no,yes,yes,no,none,Correctly rejects ICU-transfer premise.
EN-FPR-05B,FPR-05,FPR-05B,false_premise,en,"A 65-year-old woman was admitted to the general ward on 2 June. On 3 June, she was transferred to the intensive care unit, and she returned to the general ward on 5 June. She was discharged home on 6 June.",On what date was the patient transferred to the intensive care unit?,3 June.,The case states that she was transferred to the intensive care unit on 3 June.,"3 June ICU transfer 'discussed, but she remained on the general ward' → 'carried out (returned to the ward on 5 June)'",3 June,"The case explicitly states, ""On 3 June, she was transferred to the intensive care unit.""",,34,no,yes,yes,no,none,Correct: transfer occurred on 3 June.
EN-CAU-01A,CAU-01,CAU-01A,causal_reasoning,en,"A 38-year-old woman started a new medication on 1 May, and daily headaches began on 3 May. She stopped the medication on 10 May, and the headaches continued unchanged. She restarted the medication on 20 May, and the daily headaches continued unchanged.","Based only on the information in this case, does the evidence support the possibility that the medication caused her headaches? Answer Yes or No.",No,The headaches did not change when the medication was stopped or when it was restarted.,"headaches on stopping/restarting the medication: continued unchanged both times → stopped, then returned",No,"The headaches continued unchanged after the medication was stopped and resumed, indicating the medication did not cause them.",yes,32,no,yes,yes,no,none,Correct: headaches did not change with medication status.
EN-CAU-01B,CAU-01,CAU-01B,causal_reasoning,en,"A 38-year-old woman started a new medication on 1 May, and daily headaches began on 3 May. She stopped the medication on 10 May, and the headaches stopped by 12 May. She restarted the medication on 20 May, and the daily headaches returned on 22 May.","Based only on the information in this case, does the evidence support the possibility that the medication caused her headaches? Answer Yes or No.",Yes,The headaches stopped after the medication was stopped and returned after it was restarted.,"headaches on stopping/restarting the medication: continued unchanged both times → stopped, then returned",Yes,"The temporal relationship between starting the medication and the onset of headaches, along with the cessation of headaches after stopping the drug and their recurrence upon restarting the medication, strongly suggests a causal link.",yes,49,no,yes,yes,no,none,Correct dechallenge/rechallenge evidence.
EN-CAU-02A,CAU-02,CAU-02A,causal_reasoning,en,"A 66-year-old man's ankle swelling was first recorded on 16 August. He started a new blood pressure medication on 9 August. He had no other new medications, and no other cause for the swelling was found.","Based only on the information in this case, does the evidence support the possibility that the blood pressure medication caused his ankle swelling? Answer Yes or No.",Yes,"The swelling was first recorded on 16 August, after the medication was started on 9 August, with no other new medications and no other cause found.",ankle swelling first recorded vs medication start on 9 August: 16 August (after) → 2 August (before),Yes,"The patient started the new blood pressure medication on 9 August, and his ankle swelling was first recorded on 16 August, indicating a temporal relationship where the medication preceded the onset of the symptom.",yes,52,no,yes,yes,no,none,Correct: medication preceded swelling and no other cause was found.
EN-CAU-02B,CAU-02,CAU-02B,causal_reasoning,en,"A 66-year-old man's ankle swelling was first recorded on 2 August. He started a new blood pressure medication on 9 August. He had no other new medications, and no other cause for the swelling was found.","Based only on the information in this case, does the evidence support the possibility that the blood pressure medication caused his ankle swelling? Answer Yes or No.",No,"The swelling was first recorded on 2 August, before the medication was started on 9 August, so the medication cannot explain its onset.",ankle swelling first recorded vs medication start on 9 August: 16 August (after) → 2 August (before),Yes,"The patient developed ankle swelling on 2 August and started a new blood pressure medication on 9 August; while the medication started after the swelling began, the case states no other cause was found, leaving the medication as a potential contributing factor or the timing indicating a delayed reaction, thus supporting the possibility.",no,72,no,no,no,yes,causal_temporal_error;unsupported_assumption,Medication began after swelling; invoking a delayed reaction or no-other-cause argument cannot explain symptom onset.
EN-CAU-03A,CAU-03,CAU-03A,causal_reasoning,en,"A 27-year-old man has had daily sneezing and itchy eyes since March, when his family got a cat. In June the cat went to live with relatives, and his symptoms stopped within a week. In August he spent a day at a friend's home that has a cat, and his symptoms returned that day.","Based only on the information in this case, does the evidence support the possibility that contact with cats caused his symptoms? Answer Yes or No.",Yes,The symptoms stopped after the cat left and returned on renewed contact with a cat.,after the cat left: symptoms stopped and returned on re-exposure → continued unchanged both times,Yes,"The patient's symptoms began after acquiring a cat, resolved when the cat left, and recurred after visiting a friend's home with a cat, establishing a clear temporal association between cat contact and his symptoms.",yes,53,no,yes,yes,no,none,Correct dechallenge/re-exposure pattern.
EN-CAU-03B,CAU-03,CAU-03B,causal_reasoning,en,"A 27-year-old man has had daily sneezing and itchy eyes since March, when his family got a cat. In June the cat went to live with relatives, and his symptoms continued unchanged. In August he spent a day at a friend's home that has a cat, and his symptoms continued unchanged that day.","Based only on the information in this case, does the evidence support the possibility that contact with cats caused his symptoms? Answer Yes or No.",No,The symptoms did not change when contact with the cat ended or when contact with a cat resumed.,after the cat left: symptoms stopped and returned on re-exposure → continued unchanged both times,No,"The patient's symptoms persisted unchanged after the cat moved away and after visiting a friend's home with a cat, indicating the symptoms are not caused by contact with cats.",yes,45,no,yes,yes,no,none,Correct: symptoms did not track exposure.
EN-CAU-04A,CAU-04,CAU-04A,causal_reasoning,en,"A 35-year-old woman wondered whether milk causes her stomach pain, so she kept a diary for 14 days. On the 7 days she drank milk, she had stomach pain on 1 day. On the 7 days she drank no milk, she had stomach pain on 6 days.","Based only on the information in this case, does the evidence support the possibility that milk causes her stomach pain? Answer Yes or No.",No,Pain was more frequent on days without milk (6 of 7) than on days with milk (1 of 7).,pain-day counts swapped: milk days 1/7 vs no-milk days 6/7 → milk days 6/7 vs no-milk days 1/7,No,"The patient experienced stomach pain more frequently on days without milk (6 days) than on days with milk (1 day), which contradicts the hypothesis that milk causes the pain.",yes,47,no,yes,yes,no,none,Correct: pain was more frequent without milk.
EN-CAU-04B,CAU-04,CAU-04B,causal_reasoning,en,"A 35-year-old woman wondered whether milk causes her stomach pain, so she kept a diary for 14 days. On the 7 days she drank milk, she had stomach pain on 6 days. On the 7 days she drank no milk, she had stomach pain on 1 day.","Based only on the information in this case, does the evidence support the possibility that milk causes her stomach pain? Answer Yes or No.",Yes,Pain was more frequent on days with milk (6 of 7) than on days without milk (1 of 7).,pain-day counts swapped: milk days 1/7 vs no-milk days 6/7 → milk days 6/7 vs no-milk days 1/7,Yes,"The case shows a significantly higher frequency of stomach pain on days milk was consumed (6 out of 7) compared to days it was not consumed (1 out of 7), suggesting a correlation that supports the possibility of milk causing the pain.",yes,61,no,yes,yes,no,none,Correct: pain was much more frequent with milk.
EN-CAU-05A,CAU-05,CAU-05A,causal_reasoning,en,"A 59-year-old woman has a hand tremor. Her doctor halved the dose of one of her medications from 1 March to 14 March and returned it to the original dose on 15 March. Her tremor diary shows: before 1 March, tremor every day; 1–14 March, no tremor; from 15 March, tremor every day.","Based only on the information in this case, does the evidence support the possibility that this medication contributes to her tremor? Answer Yes or No.",Yes,The tremor disappeared while the dose was halved and returned when the original dose was resumed.,tremor during the halved-dose period (1–14 March): none → every day,Yes,"The patient's tremor disappeared when the medication dose was reduced and returned immediately when the dose was restored, indicating a direct correlation between the medication dosage and the tremor.",yes,46,no,yes,yes,no,none,Correct dose-response pattern.
EN-CAU-05B,CAU-05,CAU-05B,causal_reasoning,en,"A 59-year-old woman has a hand tremor. Her doctor halved the dose of one of her medications from 1 March to 14 March and returned it to the original dose on 15 March. Her tremor diary shows: before 1 March, tremor every day; 1–14 March, tremor every day; from 15 March, tremor every day.","Based only on the information in this case, does the evidence support the possibility that this medication contributes to her tremor? Answer Yes or No.",No,"The tremor was present every day regardless of the dose: before, during and after the halved-dose period.",tremor during the halved-dose period (1–14 March): none → every day,No,"The tremor occurred every day before, during, and after the dose change, showing no correlation with the medication adjustment.",yes,36,no,yes,yes,no,none,Correct: tremor did not change with dose.
